{"type":"FeatureCollection", "features": [
{"type":"Feature","geometry":{"type":"Polygon","coordinates":[[[169.83049,-20.24984],[169.83287,-20.25154],[169.83584,-20.25152],[169.84753,-20.24169],[169.84713,-20.24383],[169.84838,-20.24428],[169.84683,-20.24458],[169.85107,-20.24821],[169.851,-20.25238],[169.85676,-20.24982],[169.85841,-20.25055],[169.86328,-20.24533],[169.86899,-20.24845],[169.87098,-20.24766],[169.87165,-20.24495],[169.87446,-20.24552],[169.87516,-20.2434],[169.87803,-20.24249],[169.87739,-20.2382],[169.87871,-20.23585],[169.8864,-20.23235],[169.88731,-20.2286],[169.88884,-20.22784],[169.88827,-20.22589],[169.89145,-20.22427],[169.88913,-20.22164],[169.8897,-20.21938],[169.89411,-20.21733],[169.89487,-20.21427],[169.89868,-20.2126],[169.89664,-20.20779],[169.90058,-20.2039],[169.8999,-20.19574],[169.90411,-20.19343],[169.90183,-20.19191],[169.90041,-20.18453],[169.89721,-20.17878],[169.89323,-20.17439],[169.89268,-20.16819],[169.88965,-20.16674],[169.88759,-20.16248],[169.8852,-20.16132],[169.8812,-20.16214],[169.87764,-20.1605],[169.87629,-20.1582],[169.87701,-20.15451],[169.8752,-20.15558],[169.86441,-20.15469],[169.85908,-20.15125],[169.85686,-20.1468],[169.8524,-20.14585],[169.84657,-20.14036],[169.83896,-20.13589],[169.8322,-20.13497],[169.82829,-20.13762],[169.82381,-20.13491],[169.8147,-20.13624],[169.81126,-20.13511],[169.79334,-20.13544],[169.78726,-20.13648],[169.78698,-20.1379],[169.78634,-20.13691],[169.77978,-20.14039],[169.77755,-20.144],[169.77122,-20.1377],[169.76815,-20.14173],[169.75421,-20.14624],[169.75525,-20.14797],[169.75396,-20.15088],[169.74892,-20.15381],[169.74477,-20.15962],[169.74545,-20.16364],[169.74256,-20.17359],[169.74424,-20.18104],[169.74234,-20.18683],[169.74677,-20.19156],[169.7485,-20.20076],[169.75415,-20.20467],[169.7569,-20.21399],[169.7654,-20.21728],[169.76614,-20.21996],[169.7645,-20.2247],[169.77074,-20.23469],[169.77565,-20.23247],[169.78024,-20.23286],[169.78297,-20.23606],[169.78062,-20.24254],[169.78175,-20.24379],[169.78672,-20.24047],[169.79014,-20.22983],[169.7895,-20.23461],[169.7936,-20.23451],[169.79607,-20.2367],[169.80224,-20.23717],[169.80423,-20.24065],[169.80769,-20.24084],[169.81476,-20.23579],[169.81919,-20.24247],[169.82665,-20.2414],[169.83049,-20.24984]]]},"properties":{"ADM1_EN":"TAFEA","ADM2_EN":"Aneityum"}},
{"type":"Feature","geometry":{"type":"Polygon","coordinates":[[[169.60545,-19.23906],[169.60312,-19.23334],[169.60346,-19.22699],[169.60099,-19.22311],[169.59835,-19.22972],[169.59834,-19.23969],[169.5937,-19.24814],[169.59301,-19.25401],[169.58947,-19.26099],[169.59037,-19.2652],[169.58923,-19.26691],[169.59378,-19.27631],[169.60304,-19.27222],[169.60488,-19.26994],[169.60777,-19.2604],[169.60804,-19.24875],[169.61434,-19.22924],[169.61326,-19.21736],[169.60655,-19.2116],[169.60426,-19.2131],[169.60397,-19.21523],[169.60646,-19.21645],[169.60654,-19.21416],[169.60771,-19.21546],[169.60787,-19.2187],[169.61033,-19.22049],[169.61035,-19.22545],[169.6109,-19.22252],[169.61316,-19.22209],[169.61119,-19.22332],[169.61106,-19.22621],[169.61218,-19.22649],[169.60824,-19.22977],[169.61213,-19.23157],[169.60925,-19.23233],[169.6111,-19.23432],[169.60858,-19.235],[169.6057,-19.24039],[169.60656,-19.24561],[169.60545,-19.23906]]]},"properties":{"ADM1_EN":"TAFEA","ADM2_EN":"Aniwa"}},
{"type":"Feature","geometry":{"type":"MultiPolygon","coordinates":[[[[168.19543,-15.6275],[168.19544,-15.6275],[168.19536,-15.62739],[168.19452,-15.62721],[168.19456,-15.62723],[168.19478,-15.62728],[168.19502,-15.62733],[168.19543,-15.6275]]],[[[168.12233,-15.66777],[168.12608,-15.67442],[168.13227,-15.67835],[168.13855,-15.68098],[168.14653,-15.68005],[168.15216,-15.68101],[168.15778,-15.67952],[168.15977,-15.68424],[168.16325,-15.68433],[168.16617,-15.68919],[168.16969,-15.69018],[168.18097,-15.68719],[168.18381,-15.68904],[168.19883,-15.69098],[168.19867,-15.68351],[168.2027,-15.68368],[168.20618,-15.68711],[168.21124,-15.68535],[168.21499,-15.68268],[168.21562,-15.6796],[168.21793,-15.67616],[168.21903,-15.67646],[168.21944,-15.67146],[168.21615,-15.6657],[168.21203,-15.66575],[168.20492,-15.66217],[168.2033,-15.65873],[168.20521,-15.65634],[168.20449,-15.65354],[168.19908,-15.65],[168.20067,-15.64708],[168.20238,-15.64682],[168.20257,-15.64398],[168.20064,-15.6419],[168.19653,-15.64149],[168.19985,-15.63838],[168.19841,-15.63483],[168.19446,-15.63371],[168.19604,-15.63195],[168.19553,-15.62767],[168.19433,-15.62719],[168.19419,-15.62705],[168.19428,-15.62707],[168.19403,-15.62687],[168.19419,-15.62705],[168.19376,-15.62674],[168.19374,-15.62658],[168.19375,-15.62673],[168.19362,-15.62592],[168.19361,-15.62586],[168.19338,-15.62569],[168.19331,-15.62573],[168.19309,-15.62579],[168.19278,-15.62544],[168.19304,-15.62566],[168.19283,-15.62533],[168.19239,-15.62509],[168.19235,-15.62509],[168.19249,-15.62518],[168.19212,-15.62504],[168.1919,-15.625],[168.19192,-15.62493],[168.19194,-15.62454],[168.19194,-15.62485],[168.19217,-15.62379],[168.19197,-15.62446],[168.19214,-15.62365],[168.19204,-15.62332],[168.19142,-15.62264],[168.1919,-15.62149],[168.19168,-15.62148],[168.1916,-15.62149],[168.19111,-15.62156],[168.18228,-15.62243],[168.17357,-15.62277],[168.16877,-15.6153],[168.17051,-15.61039],[168.16525,-15.61335],[168.16457,-15.61512],[168.16001,-15.61625],[168.15811,-15.61882],[168.15606,-15.61562],[168.15627,-15.61254],[168.14965,-15.60655],[168.14633,-15.60554],[168.14724,-15.60995],[168.14313,-15.6078],[168.14016,-15.60885],[168.13646,-15.60712],[168.1353,-15.6067],[168.13526,-15.60669],[168.13514,-15.6066],[168.13411,-15.60573],[168.13076,-15.60515],[168.12636,-15.60503],[168.12603,-15.61418],[168.12008,-15.62133],[168.12459,-15.62689],[168.11785,-15.63912],[168.10954,-15.64342],[168.11291,-15.64728],[168.11703,-15.65656],[168.12005,-15.65932],[168.12108,-15.66361],[168.11992,-15.66668],[168.12019,-15.66671],[168.12111,-15.66689],[168.12233,-15.66777]]],[[[168.19192,-15.62147],[168.1919,-15.62149],[168.19193,-15.6215],[168.19192,-15.62147]]],[[[168.19317,-15.62573],[168.19331,-15.62573],[168.19334,-15.6257],[168.19317,-15.62573]]],[[[168.19362,-15.62587],[168.19362,-15.62592],[168.1937,-15.62621],[168.19362,-15.62587]]],[[[168.19374,-15.62656],[168.19374,-15.62658],[168.19384,-15.62668],[168.19374,-15.62656]]]]},"properties":{"ADM1_EN":"PENAMA","ADM2_EN":"Central Pentecost 1"}},
{"type":"Feature","geometry":{"type":"Polygon","coordinates":[[[168.11992,-15.66668],[168.11514,-15.67084],[168.11193,-15.67964],[168.11357,-15.68309],[168.1192,-15.68664],[168.12186,-15.69246],[168.12381,-15.69309],[168.12593,-15.70074],[168.12474,-15.70492],[168.12847,-15.70766],[168.13459,-15.71935],[168.13422,-15.72646],[168.13009,-15.7331],[168.13184,-15.73838],[168.13847,-15.73996],[168.13949,-15.73905],[168.13894,-15.74061],[168.14306,-15.74465],[168.14401,-15.74915],[168.14269,-15.76077],[168.14058,-15.76414],[168.14777,-15.76907],[168.15041,-15.77287],[168.1564,-15.77537],[168.15664,-15.7751],[168.15666,-15.77508],[168.15739,-15.77429],[168.15841,-15.77397],[168.15851,-15.77384],[168.15858,-15.77367],[168.15862,-15.77357],[168.15871,-15.77332],[168.15996,-15.77004],[168.16173,-15.76892],[168.16331,-15.76827],[168.16434,-15.76753],[168.16442,-15.76747],[168.16456,-15.76742],[168.16536,-15.76708],[168.1655,-15.767],[168.16592,-15.76622],[168.16604,-15.76586],[168.16605,-15.76581],[168.16696,-15.76406],[168.16731,-15.76352],[168.1682,-15.76321],[168.16831,-15.76319],[168.16904,-15.76224],[168.16997,-15.76163],[168.17004,-15.76143],[168.17008,-15.76134],[168.17083,-15.75812],[168.17374,-15.75822],[168.17512,-15.76011],[168.17959,-15.75957],[168.18664,-15.76567],[168.19206,-15.76396],[168.19319,-15.75762],[168.19764,-15.75765],[168.20051,-15.76509],[168.20305,-15.76597],[168.2035,-15.76928],[168.20716,-15.77458],[168.20684,-15.7793],[168.20954,-15.78376],[168.21394,-15.78204],[168.21605,-15.78518],[168.21766,-15.79575],[168.21415,-15.80595],[168.21605,-15.80792],[168.21607,-15.81174],[168.21452,-15.81302],[168.21554,-15.81497],[168.21145,-15.81403],[168.2116,-15.81072],[168.20928,-15.80917],[168.20447,-15.81614],[168.20647,-15.81664],[168.20646,-15.81874],[168.2094,-15.82201],[168.20902,-15.82844],[168.21858,-15.83791],[168.21893,-15.84033],[168.21512,-15.84468],[168.21901,-15.84788],[168.22597,-15.84916],[168.22652,-15.85207],[168.22485,-15.8539],[168.22731,-15.86244],[168.23036,-15.86535],[168.22999,-15.86783],[168.23099,-15.86918],[168.23158,-15.86918],[168.23338,-15.86908],[168.23353,-15.86911],[168.23362,-15.86986],[168.23362,-15.86996],[168.23363,-15.87002],[168.23374,-15.87049],[168.23381,-15.87072],[168.2338,-15.87091],[168.23379,-15.87111],[168.23379,-15.87114],[168.23374,-15.87144],[168.23379,-15.87155],[168.23373,-15.87182],[168.23361,-15.87214],[168.23371,-15.87231],[168.2338,-15.87239],[168.23393,-15.8725],[168.23408,-15.87263],[168.23423,-15.87285],[168.23432,-15.87291],[168.2345,-15.87312],[168.23463,-15.87334],[168.23487,-15.87364],[168.23515,-15.87384],[168.23528,-15.87388],[168.23553,-15.87406],[168.23572,-15.87407],[168.23608,-15.87393],[168.23607,-15.87368],[168.23605,-15.87364],[168.23561,-15.8721],[168.23553,-15.87195],[168.23553,-15.8719],[168.23555,-15.87156],[168.23586,-15.87143],[168.23592,-15.87144],[168.23601,-15.87143],[168.23621,-15.87139],[168.23638,-15.87134],[168.23655,-15.87137],[168.23678,-15.87135],[168.23718,-15.87116],[168.23721,-15.87114],[168.23768,-15.8709],[168.23874,-15.87045],[168.23916,-15.87022],[168.24106,-15.86877],[168.24103,-15.86873],[168.24084,-15.86846],[168.23894,-15.86577],[168.23879,-15.8645],[168.23865,-15.86178],[168.239,-15.86116],[168.23868,-15.86063],[168.23866,-15.86048],[168.23861,-15.85998],[168.23859,-15.8591],[168.23865,-15.85882],[168.23867,-15.85829],[168.2387,-15.85797],[168.23872,-15.85779],[168.23875,-15.85738],[168.23903,-15.85698],[168.24036,-15.85617],[168.24056,-15.85605],[168.24115,-15.85603],[168.24142,-15.85608],[168.2426,-15.85638],[168.24261,-15.85639],[168.24358,-15.85629],[168.24387,-15.85619],[168.24394,-15.85617],[168.24425,-15.85599],[168.24433,-15.85596],[168.24447,-15.85589],[168.24544,-15.8556],[168.24559,-15.85558],[168.24587,-15.85553],[168.24592,-15.85553],[168.24612,-15.85552],[168.24725,-15.85589],[168.2476,-15.85584],[168.24774,-15.85582],[168.2479,-15.85588],[168.2492,-15.85569],[168.25071,-15.85547],[168.25087,-15.85536],[168.25097,-15.85528],[168.25112,-15.85515],[168.25129,-15.8551],[168.25205,-15.8555],[168.25262,-15.85596],[168.25286,-15.85601],[168.25323,-15.85602],[168.25363,-15.85594],[168.25463,-15.85602],[168.25501,-15.85613],[168.25521,-15.85607],[168.25521,-15.85565],[168.25503,-15.85463],[168.25498,-15.85423],[168.25501,-15.85409],[168.25505,-15.85391],[168.25575,-15.85346],[168.25592,-15.85299],[168.25615,-15.85251],[168.25621,-15.85242],[168.2564,-15.85216],[168.25645,-15.85211],[168.25663,-15.85183],[168.25686,-15.85131],[168.25687,-15.85129],[168.25697,-15.85118],[168.25761,-15.85053],[168.25804,-15.85034],[168.25914,-15.85012],[168.26016,-15.8497],[168.2607,-15.84933],[168.26154,-15.84839],[168.26168,-15.84825],[168.26214,-15.8482],[168.26234,-15.84818],[168.26363,-15.84871],[168.26428,-15.84885],[168.26477,-15.84898],[168.26557,-15.84925],[168.26663,-15.84967],[168.2679,-15.8475],[168.26523,-15.84235],[168.26319,-15.84101],[168.25744,-15.84108],[168.25598,-15.83911],[168.2561,-15.83666],[168.25388,-15.8347],[168.25454,-15.82794],[168.25221,-15.82473],[168.24942,-15.8237],[168.25202,-15.82073],[168.2487,-15.81695],[168.24769,-15.81191],[168.24796,-15.80856],[168.24993,-15.80621],[168.24709,-15.80432],[168.24682,-15.79616],[168.24889,-15.79259],[168.24779,-15.78802],[168.24497,-15.78682],[168.24553,-15.78344],[168.24321,-15.77841],[168.24462,-15.77429],[168.24144,-15.77133],[168.24073,-15.76706],[168.23888,-15.76594],[168.23922,-15.7604],[168.23673,-15.75964],[168.23381,-15.75376],[168.23009,-15.75133],[168.23141,-15.74882],[168.22859,-15.74359],[168.23,-15.74057],[168.22744,-15.73871],[168.22572,-15.73441],[168.22417,-15.71834],[168.22212,-15.71592],[168.22344,-15.71275],[168.22019,-15.71183],[168.22342,-15.70839],[168.22341,-15.70248],[168.2214,-15.70129],[168.22134,-15.69836],[168.21759,-15.69298],[168.2135,-15.69283],[168.21447,-15.68855],[168.21124,-15.68535],[168.20618,-15.68711],[168.2027,-15.68368],[168.19867,-15.68351],[168.19883,-15.69098],[168.18381,-15.68904],[168.18097,-15.68719],[168.16969,-15.69018],[168.16617,-15.68919],[168.16325,-15.68433],[168.15977,-15.68424],[168.15778,-15.67952],[168.15216,-15.68101],[168.14653,-15.68005],[168.13855,-15.68098],[168.13227,-15.67835],[168.12608,-15.67442],[168.12233,-15.66777],[168.12111,-15.66689],[168.12019,-15.66671],[168.11992,-15.66668]]]},"properties":{"ADM1_EN":"PENAMA","ADM2_EN":"Central Pentecost 2"}},
{"type":"Feature","geometry":{"type":"MultiPolygon","coordinates":[[[[167.38547,-16.29514],[167.39123,-16.29477],[167.3958,-16.29678],[167.40159,-16.29582],[167.40958,-16.29816],[167.42057,-16.29745],[167.4232,-16.30073],[167.42818,-16.30073],[167.42836,-16.30847],[167.4365,-16.31287],[167.44047,-16.31709],[167.44149,-16.31216],[167.44106,-16.31031],[167.4388,-16.31071],[167.4384,-16.30579],[167.44361,-16.3027],[167.4443,-16.29768],[167.44713,-16.29519],[167.45292,-16.29489],[167.46012,-16.28857],[167.46007,-16.28035],[167.4652,-16.27428],[167.46479,-16.2706],[167.46922,-16.26439],[167.46983,-16.26133],[167.47193,-16.26137],[167.47446,-16.2587],[167.47657,-16.25917],[167.48442,-16.25647],[167.48547,-16.25771],[167.489,-16.25667],[167.4908,-16.25783],[167.49336,-16.25498],[167.49867,-16.26057],[167.51406,-16.25549],[167.52209,-16.25496],[167.52836,-16.25117],[167.53386,-16.2448],[167.54087,-16.23182],[167.54566,-16.228],[167.54964,-16.22049],[167.55806,-16.21988],[167.55981,-16.21753],[167.55984,-16.21131],[167.56208,-16.20774],[167.5618,-16.20388],[167.56477,-16.1968],[167.56245,-16.19555],[167.55619,-16.19745],[167.54911,-16.1907],[167.54798,-16.18735],[167.54959,-16.18462],[167.54924,-16.17463],[167.54708,-16.16848],[167.5426,-16.16328],[167.53981,-16.16273],[167.53402,-16.166],[167.53353,-16.16697],[167.53569,-16.16721],[167.53797,-16.17485],[167.53615,-16.17651],[167.53138,-16.1767],[167.52573,-16.17478],[167.5198,-16.16967],[167.51678,-16.16478],[167.51688,-16.15878],[167.51468,-16.1569],[167.51074,-16.1581],[167.50691,-16.16233],[167.50029,-16.16361],[167.4993,-16.16155],[167.49381,-16.15822],[167.49149,-16.15449],[167.49091,-16.14807],[167.49221,-16.14641],[167.49536,-16.14644],[167.49994,-16.14409],[167.50362,-16.13329],[167.50266,-16.12762],[167.49936,-16.12406],[167.49452,-16.12708],[167.49627,-16.12934],[167.49442,-16.13207],[167.49619,-16.13252],[167.48928,-16.13083],[167.49247,-16.12668],[167.48981,-16.12663],[167.48658,-16.12402],[167.48397,-16.11145],[167.47181,-16.09784],[167.46791,-16.09891],[167.47232,-16.10757],[167.47431,-16.10813],[167.47211,-16.11123],[167.47644,-16.11564],[167.47795,-16.13145],[167.48197,-16.13625],[167.48077,-16.13822],[167.48639,-16.14164],[167.48526,-16.14348],[167.48415,-16.14184],[167.48068,-16.14258],[167.47897,-16.13919],[167.47364,-16.13781],[167.47208,-16.14104],[167.46866,-16.14016],[167.46039,-16.12593],[167.45579,-16.12347],[167.45216,-16.11866],[167.44727,-16.11528],[167.432,-16.10935],[167.42861,-16.10485],[167.42557,-16.10466],[167.42497,-16.10223],[167.42186,-16.10045],[167.41477,-16.09098],[167.40686,-16.09084],[167.4031,-16.08605],[167.40259,-16.08286],[167.41506,-16.07677],[167.41875,-16.07334],[167.41562,-16.06982],[167.40644,-16.06997],[167.40065,-16.06363],[167.39366,-16.06561],[167.39128,-16.06384],[167.38879,-16.05917],[167.39468,-16.04913],[167.39737,-16.04728],[167.38452,-16.04239],[167.38232,-16.03481],[167.3772,-16.02902],[167.37953,-16.02428],[167.37884,-16.02079],[167.38035,-16.0192],[167.37428,-16.01851],[167.36822,-16.01456],[167.3512,-16.01575],[167.34746,-16.01364],[167.33298,-16.01851],[167.33201,-16.02132],[167.32984,-16.02236],[167.3279,-16.03151],[167.33125,-16.0444],[167.33746,-16.0498],[167.34504,-16.05343],[167.35611,-16.06667],[167.35725,-16.06718],[167.36184,-16.06619],[167.36292,-16.06629],[167.36595,-16.06714],[167.36772,-16.06651],[167.37016,-16.06698],[167.36642,-16.07287],[167.36737,-16.07557],[167.36157,-16.09711],[167.35023,-16.09885],[167.34022,-16.10424],[167.33166,-16.11208],[167.33951,-16.13977],[167.34362,-16.14718],[167.35183,-16.15614],[167.35517,-16.16468],[167.3609,-16.16883],[167.37625,-16.18502],[167.38319,-16.18722],[167.38892,-16.1851],[167.3914,-16.18104],[167.39457,-16.183],[167.38978,-16.18895],[167.3848,-16.20396],[167.38209,-16.23257],[167.38305,-16.2369],[167.38872,-16.24135],[167.39131,-16.24689],[167.38573,-16.25506],[167.39051,-16.26225],[167.38968,-16.26526],[167.3977,-16.26918],[167.3988,-16.27171],[167.39367,-16.27769],[167.39068,-16.27902],[167.38886,-16.28342],[167.3842,-16.28549],[167.38547,-16.29514]]],[[[167.40871,-16.05956],[167.41212,-16.05802],[167.4128,-16.05475],[167.41101,-16.05466],[167.40768,-16.05779],[167.40696,-16.06005],[167.40871,-16.05956]]],[[[167.46027,-16.1208],[167.45816,-16.1214],[167.45978,-16.12333],[167.46153,-16.12255],[167.46027,-16.1208]]],[[[167.46167,-16.11372],[167.46159,-16.11528],[167.46354,-16.11595],[167.46238,-16.11155],[167.46057,-16.11059],[167.46167,-16.11372]]],[[[167.4444,-16.0839],[167.45368,-16.09281],[167.45868,-16.09527],[167.46298,-16.09531],[167.46644,-16.09299],[167.46232,-16.08748],[167.4444,-16.0839]]],[[[167.45135,-16.07529],[167.45773,-16.07348],[167.45865,-16.07106],[167.45049,-16.06654],[167.44719,-16.06756],[167.4448,-16.07125],[167.4474,-16.07462],[167.45135,-16.07529]]]]},"properties":{"ADM1_EN":"MALAMPA","ADM2_EN":"Central Malekula"}},
{"type":"Feature","geometry":{"type":"MultiPolygon","coordinates":[[[[167.49788,-13.86579],[167.50093,-13.90663],[167.50113,-13.90699],[167.50119,-13.90719],[167.50127,-13.90754],[167.50166,-13.90841],[167.50174,-13.90856],[167.50227,-13.90958],[167.50595,-13.90814],[167.50919,-13.90379],[167.51503,-13.90128],[167.5173,-13.90169],[167.52114,-13.89794],[167.52765,-13.89989],[167.52857,-13.90307],[167.53262,-13.90546],[167.53427,-13.90503],[167.53314,-13.9044],[167.53345,-13.90145],[167.53747,-13.90048],[167.54131,-13.90086],[167.5448,-13.90318],[167.54627,-13.89775],[167.54912,-13.89606],[167.54955,-13.89252],[167.55735,-13.89123],[167.56135,-13.88573],[167.56533,-13.88403],[167.57382,-13.88222],[167.57898,-13.88318],[167.58432,-13.8775],[167.58287,-13.87317],[167.57711,-13.87138],[167.57148,-13.86495],[167.56882,-13.86532],[167.56753,-13.86875],[167.56382,-13.87095],[167.56332,-13.87288],[167.55826,-13.87333],[167.5547,-13.87562],[167.55203,-13.87387],[167.55109,-13.87066],[167.54665,-13.87073],[167.54265,-13.86592],[167.54268,-13.85594],[167.54006,-13.8541],[167.53944,-13.85045],[167.54066,-13.84158],[167.53739,-13.84321],[167.53328,-13.84154],[167.5377,-13.84252],[167.53965,-13.8416],[167.53901,-13.83123],[167.54107,-13.83208],[167.54363,-13.82606],[167.54788,-13.82227],[167.55287,-13.82132],[167.55713,-13.82628],[167.55788,-13.82964],[167.56025,-13.82696],[167.56107,-13.82219],[167.55944,-13.82004],[167.55549,-13.81967],[167.54734,-13.81391],[167.54766,-13.81041],[167.54977,-13.80791],[167.5491,-13.80239],[167.54503,-13.79921],[167.54458,-13.79654],[167.54156,-13.79673],[167.54045,-13.79067],[167.53432,-13.78857],[167.53458,-13.78702],[167.53824,-13.78623],[167.53828,-13.7844],[167.53442,-13.78339],[167.53698,-13.78211],[167.53703,-13.77997],[167.53531,-13.77704],[167.53099,-13.77662],[167.5274,-13.76867],[167.52724,-13.76157],[167.52095,-13.7561],[167.52246,-13.75263],[167.52002,-13.75133],[167.52197,-13.75034],[167.52263,-13.74803],[167.52114,-13.74539],[167.51662,-13.74435],[167.5096,-13.73285],[167.50275,-13.72593],[167.49896,-13.72567],[167.49273,-13.72113],[167.48988,-13.72346],[167.48738,-13.72325],[167.48498,-13.71956],[167.4855,-13.71814],[167.4826,-13.71983],[167.47827,-13.71685],[167.47861,-13.71388],[167.47732,-13.71255],[167.47312,-13.71172],[167.46923,-13.71525],[167.45434,-13.7133],[167.45104,-13.71693],[167.45044,-13.72209],[167.44413,-13.72184],[167.43966,-13.72368],[167.43734,-13.72287],[167.43116,-13.72871],[167.41935,-13.73518],[167.41983,-13.73784],[167.41742,-13.7395],[167.41533,-13.73878],[167.41546,-13.74112],[167.40554,-13.74835],[167.40271,-13.74785],[167.39647,-13.75997],[167.39387,-13.76032],[167.39517,-13.7629],[167.39575,-13.76288],[167.39633,-13.76346],[167.39655,-13.7637],[167.39681,-13.76378],[167.3976,-13.76484],[167.39774,-13.7649],[167.39905,-13.76532],[167.39933,-13.76572],[167.39942,-13.76572],[167.39973,-13.76572],[167.39981,-13.76571],[167.4001,-13.76569],[167.40067,-13.76581],[167.40128,-13.76594],[167.40149,-13.76616],[167.40194,-13.7665],[167.40215,-13.76666],[167.40234,-13.76687],[167.40241,-13.767],[167.40323,-13.76754],[167.40374,-13.76816],[167.40403,-13.76841],[167.40454,-13.76866],[167.4046,-13.76868],[167.40526,-13.76919],[167.40541,-13.76936],[167.40584,-13.76989],[167.40607,-13.77005],[167.40624,-13.77036],[167.40628,-13.77043],[167.40644,-13.77052],[167.40658,-13.7706],[167.40698,-13.77105],[167.40706,-13.77113],[167.40717,-13.77115],[167.40747,-13.77125],[167.40814,-13.77151],[167.40864,-13.77183],[167.40886,-13.77187],[167.40954,-13.77213],[167.40968,-13.77222],[167.40983,-13.7722],[167.4104,-13.77216],[167.41045,-13.77216],[167.41203,-13.77196],[167.4131,-13.77199],[167.4146,-13.77087],[167.41518,-13.77002],[167.41556,-13.76955],[167.41558,-13.76953],[167.41684,-13.76891],[167.41751,-13.76854],[167.41774,-13.76848],[167.41776,-13.76847],[167.41879,-13.76735],[167.41867,-13.767],[167.41892,-13.76645],[167.41912,-13.76587],[167.41996,-13.76592],[167.42032,-13.76592],[167.42035,-13.76592],[167.42067,-13.76597],[167.42163,-13.76591],[167.42192,-13.76592],[167.42274,-13.7656],[167.42324,-13.76527],[167.42384,-13.76541],[167.42414,-13.76568],[167.42436,-13.76587],[167.42472,-13.76619],[167.42508,-13.76596],[167.42513,-13.76595],[167.42536,-13.76588],[167.42585,-13.76578],[167.42601,-13.76601],[167.42648,-13.76619],[167.42728,-13.76632],[167.42744,-13.766],[167.42763,-13.76571],[167.42766,-13.76566],[167.42786,-13.76534],[167.42805,-13.7649],[167.42855,-13.7641],[167.42863,-13.76399],[167.42929,-13.76342],[167.42949,-13.76335],[167.43007,-13.76316],[167.43009,-13.76316],[167.43029,-13.76324],[167.43156,-13.7633],[167.43186,-13.76325],[167.43277,-13.76366],[167.43297,-13.76384],[167.43347,-13.76387],[167.43358,-13.76381],[167.43463,-13.76408],[167.43469,-13.76413],[167.43532,-13.76472],[167.43592,-13.76568],[167.43615,-13.76731],[167.43615,-13.76732],[167.43632,-13.76789],[167.43639,-13.76815],[167.43654,-13.76843],[167.4367,-13.76868],[167.43672,-13.76871],[167.43688,-13.76897],[167.4372,-13.76941],[167.4373,-13.76952],[167.43762,-13.76987],[167.4386,-13.76979],[167.43901,-13.76972],[167.4399,-13.76969],[167.44103,-13.76972],[167.44122,-13.76985],[167.44147,-13.76975],[167.44204,-13.76958],[167.4425,-13.7695],[167.44254,-13.76949],[167.44314,-13.76933],[167.44348,-13.76922],[167.4435,-13.76922],[167.44405,-13.76913],[167.44444,-13.76911],[167.44525,-13.76884],[167.4462,-13.76944],[167.44625,-13.76944],[167.44644,-13.76956],[167.44655,-13.76956],[167.44749,-13.76968],[167.44757,-13.76966],[167.44773,-13.76994],[167.44784,-13.76999],[167.44826,-13.77061],[167.44833,-13.77098],[167.44857,-13.77117],[167.44908,-13.77145],[167.44924,-13.7715],[167.44941,-13.77162],[167.44954,-13.77172],[167.44972,-13.77188],[167.45001,-13.77193],[167.45017,-13.77199],[167.45042,-13.77224],[167.45055,-13.77254],[167.45057,-13.7726],[167.45086,-13.77259],[167.45136,-13.77243],[167.45172,-13.7722],[167.4519,-13.772],[167.45248,-13.77184],[167.45431,-13.77127],[167.45555,-13.78494],[167.45752,-13.78589],[167.4621,-13.78936],[167.4625,-13.7897],[167.46328,-13.79129],[167.46299,-13.79189],[167.46267,-13.79284],[167.46244,-13.79413],[167.46287,-13.79478],[167.46438,-13.79663],[167.46432,-13.80005],[167.46427,-13.80028],[167.46382,-13.80176],[167.46371,-13.80207],[167.46146,-13.80526],[167.45957,-13.80566],[167.45867,-13.80632],[167.45719,-13.8076],[167.45906,-13.80992],[167.46016,-13.8103],[167.46464,-13.81717],[167.46619,-13.82],[167.46686,-13.82123],[167.46834,-13.82434],[167.46874,-13.82641],[167.4684,-13.82766],[167.46832,-13.8281],[167.46814,-13.83208],[167.46839,-13.83513],[167.46877,-13.83927],[167.46894,-13.84095],[167.47206,-13.8501],[167.47262,-13.85243],[167.47374,-13.86075],[167.47405,-13.86279],[167.49788,-13.86577],[167.49788,-13.86579]]],[[[167.60619,-13.8757],[167.60794,-13.8747],[167.59728,-13.87595],[167.59207,-13.8813],[167.59175,-13.88396],[167.59553,-13.88519],[167.60311,-13.88222],[167.60483,-13.8804],[167.60435,-13.87703],[167.60619,-13.8757]]]]},"properties":{"ADM1_EN":"TORBA","ADM2_EN":"Vanua Lava"}},
{"type":"Feature","geometry":{"type":"Polygon","coordinates":[[[167.93691,-15.37299],[167.94005,-15.35947],[167.94732,-15.34995],[167.94762,-15.34697],[167.96613,-15.32989],[167.97047,-15.32278],[167.97066,-15.3188],[167.97476,-15.31572],[167.97651,-15.31351],[167.97609,-15.31179],[167.97875,-15.3111],[167.98044,-15.3077],[167.98678,-15.30367],[167.99377,-15.29245],[167.99374,-15.28821],[167.98925,-15.27559],[167.98216,-15.27832],[167.98151,-15.28198],[167.97863,-15.28341],[167.97798,-15.2808],[167.97616,-15.28002],[167.97749,-15.27524],[167.97577,-15.27808],[167.97067,-15.27803],[167.96877,-15.28162],[167.96948,-15.28461],[167.97326,-15.28874],[167.96573,-15.29723],[167.96164,-15.30023],[167.94481,-15.30683],[167.9371,-15.31223],[167.9263,-15.32057],[167.91564,-15.33685],[167.90243,-15.34533],[167.88949,-15.35652],[167.87283,-15.36436],[167.90113,-15.36758],[167.91215,-15.37037],[167.92286,-15.37141],[167.92765,-15.3704],[167.93691,-15.37299]]]},"properties":{"ADM1_EN":"PENAMA","ADM2_EN":"East Ambae"}},
{"type":"Feature","geometry":{"type":"Polygon","coordinates":[[[168.49192,-17.49211],[168.49969,-17.48895],[168.50341,-17.47964],[168.50263,-17.47449],[168.50423,-17.47217],[168.49448,-17.46778],[168.48253,-17.46814],[168.47725,-17.47275],[168.47307,-17.4824],[168.47334,-17.48589],[168.47508,-17.48154],[168.47725,-17.48828],[168.47626,-17.48948],[168.47339,-17.48828],[168.48025,-17.49571],[168.48557,-17.49717],[168.49192,-17.49211]]]},"properties":{"ADM1_EN":"SHEFA","ADM2_EN":"Emau"}},
{"type":"Feature","geometry":{"type":"MultiPolygon","coordinates":[[[[168.34243,-17.77074],[168.3424,-17.76976],[168.34124,-17.76223],[168.34171,-17.76184],[168.34705,-17.76055],[168.34903,-17.7599],[168.35319,-17.75764],[168.35431,-17.75635],[168.35471,-17.75578],[168.34684,-17.74625],[168.34234,-17.74367],[168.33873,-17.73779],[168.33546,-17.73719],[168.33092,-17.73994],[168.32862,-17.74723],[168.32195,-17.75593],[168.31887,-17.76337],[168.31595,-17.76374],[168.31235,-17.76875],[168.31446,-17.77701],[168.3134,-17.783],[168.31153,-17.78478],[168.31207,-17.79668],[168.31392,-17.79768],[168.31562,-17.79656],[168.32555,-17.78017],[168.32893,-17.77984],[168.33069,-17.78129],[168.33034,-17.78856],[168.33276,-17.78355],[168.33683,-17.78034],[168.34096,-17.78248],[168.34198,-17.78687],[168.34254,-17.77461],[168.34245,-17.7716],[168.34243,-17.77074]]],[[[168.30819,-17.77479],[168.30735,-17.77685],[168.30945,-17.77774],[168.30941,-17.7742],[168.31127,-17.77236],[168.30819,-17.77479]]],[[[168.30529,-17.69117],[168.30606,-17.69145],[168.30657,-17.69146],[168.3066,-17.69149],[168.30666,-17.69153],[168.32985,-17.7015],[168.32834,-17.70492],[168.325,-17.70435],[168.32692,-17.71104],[168.32616,-17.71367],[168.32775,-17.71493],[168.32692,-17.71714],[168.32489,-17.71653],[168.32424,-17.73404],[168.33995,-17.73249],[168.34315,-17.73687],[168.3596,-17.74639],[168.36301,-17.75029],[168.3631,-17.7501],[168.36387,-17.74838],[168.36553,-17.74912],[168.36715,-17.75004],[168.3675,-17.7504],[168.36835,-17.75144],[168.36895,-17.75227],[168.37173,-17.75502],[168.37186,-17.75513],[168.37562,-17.75844],[168.37708,-17.758],[168.37985,-17.75736],[168.38265,-17.75694],[168.38523,-17.7564],[168.38635,-17.75613],[168.38974,-17.75161],[168.39011,-17.75043],[168.38976,-17.74972],[168.38973,-17.74967],[168.39018,-17.74856],[168.39047,-17.74861],[168.39111,-17.74854],[168.39166,-17.74842],[168.39187,-17.74832],[168.39202,-17.74793],[168.39194,-17.74754],[168.39194,-17.7475],[168.39215,-17.74648],[168.39197,-17.74607],[168.391,-17.74486],[168.39056,-17.7448],[168.39031,-17.74478],[168.39027,-17.74472],[168.39022,-17.74452],[168.39022,-17.74438],[168.39029,-17.74422],[168.39093,-17.7432],[168.39146,-17.74198],[168.39151,-17.74187],[168.39203,-17.74159],[168.39246,-17.74139],[168.39249,-17.74137],[168.39258,-17.74129],[168.39257,-17.7403],[168.3924,-17.73953],[168.39238,-17.73944],[168.39224,-17.73873],[168.39136,-17.73764],[168.391,-17.73755],[168.39067,-17.73732],[168.3907,-17.73538],[168.39072,-17.73467],[168.39088,-17.7345],[168.39153,-17.73377],[168.39155,-17.73335],[168.39171,-17.7331],[168.39182,-17.73291],[168.39183,-17.73287],[168.39178,-17.73268],[168.39168,-17.7325],[168.39161,-17.73236],[168.39191,-17.73218],[168.39247,-17.73231],[168.3925,-17.73131],[168.39318,-17.73124],[168.39341,-17.73088],[168.39345,-17.73088],[168.3938,-17.73099],[168.39445,-17.73105],[168.39688,-17.72909],[168.40105,-17.72706],[168.40158,-17.72672],[168.40531,-17.72415],[168.40972,-17.72288],[168.41059,-17.72216],[168.41212,-17.7212],[168.41236,-17.7209],[168.41273,-17.72053],[168.41416,-17.72017],[168.41434,-17.72],[168.41407,-17.71887],[168.41405,-17.7169],[168.41429,-17.71652],[168.41456,-17.71594],[168.41519,-17.71455],[168.41635,-17.7132],[168.41639,-17.71305],[168.41456,-17.71058],[168.41575,-17.71012],[168.41628,-17.70969],[168.4167,-17.7093],[168.41669,-17.70901],[168.41681,-17.70839],[168.41816,-17.70657],[168.41956,-17.7054],[168.42022,-17.70349],[168.42039,-17.70088],[168.42202,-17.69981],[168.42216,-17.6998],[168.42295,-17.69995],[168.42324,-17.70001],[168.42356,-17.69997],[168.42381,-17.6997],[168.42401,-17.69932],[168.42437,-17.69907],[168.42436,-17.69891],[168.42434,-17.69889],[168.42351,-17.69721],[168.4235,-17.69711],[168.42189,-17.69584],[168.42166,-17.69539],[168.42147,-17.69475],[168.42145,-17.69469],[168.42053,-17.69419],[168.42035,-17.69389],[168.42001,-17.6929],[168.41973,-17.69242],[168.41824,-17.69098],[168.41773,-17.68993],[168.41322,-17.68627],[168.413,-17.68621],[168.41264,-17.68588],[168.41266,-17.68553],[168.41251,-17.68368],[168.41262,-17.68266],[168.41229,-17.68233],[168.41215,-17.68223],[168.41178,-17.68128],[168.41195,-17.68113],[168.41273,-17.68053],[168.413,-17.68034],[168.41324,-17.68023],[168.41329,-17.68021],[168.4118,-17.67914],[168.4112,-17.67934],[168.41037,-17.67928],[168.41027,-17.67921],[168.41018,-17.67914],[168.4101,-17.67901],[168.41002,-17.67857],[168.41159,-17.67734],[168.41193,-17.67735],[168.41341,-17.67537],[168.41392,-17.67487],[168.41393,-17.67487],[168.4143,-17.67496],[168.41521,-17.67531],[168.41773,-17.67535],[168.41772,-17.67525],[168.41768,-17.67438],[168.41782,-17.67361],[168.42017,-17.6733],[168.42021,-17.67332],[168.42077,-17.67461],[168.42108,-17.67486],[168.4214,-17.67489],[168.42302,-17.67489],[168.42483,-17.67409],[168.42646,-17.67411],[168.42652,-17.67251],[168.42658,-17.67202],[168.42657,-17.672],[168.42648,-17.67167],[168.42603,-17.67121],[168.42513,-17.67098],[168.42509,-17.67093],[168.42499,-17.67059],[168.42496,-17.66993],[168.42495,-17.66981],[168.42491,-17.66972],[168.42438,-17.66901],[168.42433,-17.66864],[168.42423,-17.66846],[168.42455,-17.66763],[168.42461,-17.66748],[168.42515,-17.66695],[168.42528,-17.66676],[168.42536,-17.66602],[168.42535,-17.66582],[168.42532,-17.66552],[168.42622,-17.66403],[168.42659,-17.66357],[168.42689,-17.66312],[168.42697,-17.66182],[168.42729,-17.66002],[168.42942,-17.65847],[168.43246,-17.65502],[168.43261,-17.65475],[168.43261,-17.65317],[168.4325,-17.65211],[168.43146,-17.65034],[168.43068,-17.64929],[168.43036,-17.64925],[168.43029,-17.64925],[168.42835,-17.64988],[168.4283,-17.64985],[168.42478,-17.6489],[168.42461,-17.64911],[168.41851,-17.6525],[168.41721,-17.65286],[168.4163,-17.65239],[168.41547,-17.65184],[168.41469,-17.65178],[168.41396,-17.65224],[168.41005,-17.65353],[168.4097,-17.65262],[168.41212,-17.64993],[168.41204,-17.64949],[168.40978,-17.64871],[168.40771,-17.64652],[168.40743,-17.64606],[168.4065,-17.64601],[168.40545,-17.64653],[168.40469,-17.64644],[168.40025,-17.64367],[168.39724,-17.64247],[168.39491,-17.64142],[168.39336,-17.63976],[168.39263,-17.63922],[168.39241,-17.63909],[168.38925,-17.63707],[168.38894,-17.63711],[168.38815,-17.63727],[168.38786,-17.63739],[168.38722,-17.63766],[168.3865,-17.63758],[168.38435,-17.63957],[168.38321,-17.63793],[168.38371,-17.63555],[168.38156,-17.63259],[168.38048,-17.63174],[168.38044,-17.63166],[168.38009,-17.63077],[168.37942,-17.62905],[168.37915,-17.6282],[168.37902,-17.62797],[168.37723,-17.62727],[168.37716,-17.62723],[168.3769,-17.62706],[168.37612,-17.62648],[168.37597,-17.6263],[168.37423,-17.62567],[168.37383,-17.62562],[168.36704,-17.62332],[168.36637,-17.62373],[168.36577,-17.6242],[168.3651,-17.63185],[168.36269,-17.63326],[168.36291,-17.63899],[168.36631,-17.64256],[168.36577,-17.64679],[168.36379,-17.65048],[168.36,-17.65086],[168.35869,-17.65411],[168.36163,-17.65459],[168.36302,-17.66091],[168.35771,-17.66506],[168.35585,-17.66862],[168.35685,-17.67904],[168.3532,-17.68103],[168.34999,-17.681],[168.34898,-17.6788],[168.3434,-17.67574],[168.34153,-17.67699],[168.338,-17.67627],[168.33301,-17.67899],[168.3306,-17.68618],[168.32571,-17.69177],[168.31994,-17.68568],[168.31431,-17.68653],[168.31291,-17.68946],[168.30943,-17.68861],[168.30955,-17.69004],[168.30863,-17.68988],[168.30722,-17.69113],[168.30618,-17.69144],[168.30529,-17.69117]]]]},"properties":{"ADM1_EN":"SHEFA","ADM2_EN":"Erakor"}},
{"type":"Feature","geometry":{"type":"Polygon","coordinates":[[[170.22308,-19.5491],[170.22536,-19.54767],[170.22764,-19.54152],[170.23202,-19.54167],[170.23298,-19.53939],[170.23609,-19.53976],[170.23031,-19.53642],[170.2325,-19.53058],[170.23042,-19.52787],[170.23178,-19.52057],[170.23509,-19.51742],[170.23363,-19.5156],[170.23807,-19.51308],[170.23814,-19.50934],[170.23025,-19.5101],[170.22959,-19.51471],[170.22779,-19.51442],[170.22749,-19.51588],[170.22431,-19.51687],[170.21929,-19.51587],[170.21068,-19.51725],[170.20508,-19.51227],[170.20365,-19.51336],[170.19577,-19.5134],[170.20352,-19.51879],[170.20194,-19.52524],[170.19762,-19.52744],[170.20114,-19.52935],[170.20428,-19.53396],[170.20896,-19.54613],[170.21332,-19.5451],[170.21853,-19.5476],[170.22125,-19.54541],[170.22269,-19.54619],[170.22308,-19.5491]]]},"properties":{"ADM1_EN":"TAFEA","ADM2_EN":"Futuna"}},
{"type":"Feature","geometry":{"type":"MultiPolygon","coordinates":[[[[168.29585,-17.76352],[168.29955,-17.76277],[168.30062,-17.76009],[168.30088,-17.75946],[168.30132,-17.75835],[168.29522,-17.75602],[168.29566,-17.75262],[168.29449,-17.75239],[168.27948,-17.76287],[168.2804,-17.7642],[168.28054,-17.76448],[168.28066,-17.76473],[168.28077,-17.7647],[168.28618,-17.76146],[168.28622,-17.76144],[168.28669,-17.76135],[168.28678,-17.76134],[168.28681,-17.76132],[168.287,-17.76127],[168.28707,-17.76127],[168.2872,-17.76128],[168.28737,-17.76132],[168.28741,-17.76133],[168.29305,-17.76248],[168.2941,-17.7629],[168.29451,-17.76317],[168.29585,-17.76352]]],[[[168.29668,-17.74981],[168.29969,-17.7467],[168.29818,-17.74442],[168.29528,-17.74455],[168.29155,-17.7475],[168.29174,-17.75113],[168.29575,-17.75129],[168.29668,-17.74981]]]]},"properties":{"ADM1_EN":"SHEFA","ADM2_EN":"Ifira"}},
{"type":"Feature","geometry":{"type":"Polygon","coordinates":[[[168.39579,-17.06406],[168.41416,-17.0657],[168.41973,-17.06495],[168.43191,-17.05713],[168.43318,-17.05276],[168.41363,-17.03892],[168.40012,-17.03449],[168.39081,-17.03342],[168.38054,-17.03994],[168.37582,-17.04667],[168.3751,-17.05221],[168.37083,-17.05686],[168.36339,-17.06166],[168.3573,-17.0624],[168.35409,-17.06423],[168.34926,-17.06773],[168.34989,-17.07051],[168.34659,-17.06992],[168.33354,-17.07535],[168.33344,-17.09136],[168.34095,-17.09346],[168.34861,-17.09861],[168.35495,-17.09888],[168.36346,-17.09651],[168.37141,-17.09077],[168.3715,-17.08885],[168.38408,-17.07377],[168.39579,-17.06406]]]},"properties":{"ADM1_EN":"SHEFA","ADM2_EN":"Emae"}},
{"type":"Feature","geometry":{"type":"MultiPolygon","coordinates":[[[[168.35507,-17.54214],[168.34567,-17.54624],[168.34124,-17.54994],[168.33994,-17.54592],[168.33809,-17.54614],[168.33075,-17.53876],[168.329,-17.52694],[168.3269,-17.52424],[168.31557,-17.5217],[168.31135,-17.52255],[168.30736,-17.52825],[168.30136,-17.53244],[168.29147,-17.53429],[168.28141,-17.54191],[168.28213,-17.5471],[168.28466,-17.54748],[168.28855,-17.55177],[168.28645,-17.54987],[168.28277,-17.5533],[168.27785,-17.55451],[168.27617,-17.5639],[168.27376,-17.56638],[168.26039,-17.56834],[168.25274,-17.5717],[168.248,-17.57221],[168.24347,-17.58464],[168.24479,-17.60479],[168.24082,-17.60747],[168.23984,-17.61237],[168.23579,-17.6171],[168.22361,-17.62726],[168.21715,-17.6275],[168.21252,-17.63061],[168.20893,-17.6303],[168.20488,-17.63218],[168.20135,-17.63555],[168.19841,-17.64163],[168.19149,-17.64528],[168.19134,-17.65117],[168.18734,-17.65533],[168.18907,-17.65828],[168.18639,-17.66082],[168.18699,-17.66808],[168.18235,-17.67487],[168.18209,-17.67799],[168.17323,-17.69024],[168.17319,-17.69338],[168.16955,-17.69722],[168.16515,-17.69852],[168.16295,-17.70394],[168.15747,-17.70801],[168.15696,-17.712],[168.15991,-17.71401],[168.17242,-17.70975],[168.17716,-17.70673],[168.1797,-17.70703],[168.18013,-17.71213],[168.17095,-17.72697],[168.17008,-17.7319],[168.17229,-17.73406],[168.18387,-17.73401],[168.18287,-17.73471],[168.18458,-17.73568],[168.18127,-17.74274],[168.18507,-17.7438],[168.19915,-17.73696],[168.20364,-17.73141],[168.20639,-17.72137],[168.21639,-17.71227],[168.22931,-17.7035],[168.23309,-17.69721],[168.23972,-17.69149],[168.24529,-17.68931],[168.25033,-17.68461],[168.25776,-17.68552],[168.2516,-17.67636],[168.25295,-17.67617],[168.25392,-17.67155],[168.25853,-17.67109],[168.27447,-17.66095],[168.28163,-17.6581],[168.28374,-17.65653],[168.28428,-17.65269],[168.2927,-17.65583],[168.29547,-17.65349],[168.29302,-17.65176],[168.29384,-17.64898],[168.29635,-17.64805],[168.29817,-17.64407],[168.3008,-17.64497],[168.30167,-17.64292],[168.30305,-17.64299],[168.30235,-17.64186],[168.30496,-17.64117],[168.30486,-17.63653],[168.30925,-17.63553],[168.31082,-17.63666],[168.31117,-17.63443],[168.31118,-17.63439],[168.31123,-17.63439],[168.31327,-17.63615],[168.31451,-17.63403],[168.31854,-17.63461],[168.32307,-17.63226],[168.32087,-17.62937],[168.31778,-17.62883],[168.32206,-17.6261],[168.3229,-17.62278],[168.32249,-17.6156],[168.32044,-17.6119],[168.33117,-17.61503],[168.33633,-17.61505],[168.33647,-17.61511],[168.3392,-17.61571],[168.34103,-17.61434],[168.34645,-17.60681],[168.3529,-17.6014],[168.35547,-17.59135],[168.36259,-17.59189],[168.3673,-17.59607],[168.36904,-17.59864],[168.3676,-17.60596],[168.36946,-17.60344],[168.36946,-17.60341],[168.37069,-17.60203],[168.3708,-17.60202],[168.37291,-17.6016],[168.37241,-17.59934],[168.37631,-17.59708],[168.38148,-17.58781],[168.3782,-17.58702],[168.38095,-17.58442],[168.38157,-17.58108],[168.38511,-17.57916],[168.38614,-17.57521],[168.38144,-17.56511],[168.38181,-17.56068],[168.36781,-17.55614],[168.3606,-17.54612],[168.35638,-17.54444],[168.35507,-17.54214]]],[[[168.16132,-17.63394],[168.16194,-17.63303],[168.1607,-17.63285],[168.1561,-17.6347],[168.15609,-17.63615],[168.15184,-17.63736],[168.14963,-17.64055],[168.14555,-17.64128],[168.14414,-17.64291],[168.15146,-17.64391],[168.15405,-17.64303],[168.15701,-17.63877],[168.16048,-17.63708],[168.16132,-17.63394]]],[[[168.21312,-17.61247],[168.22078,-17.61375],[168.22414,-17.61018],[168.22551,-17.60497],[168.22016,-17.59705],[168.21794,-17.59098],[168.2137,-17.58657],[168.2142,-17.57858],[168.2094,-17.57243],[168.20564,-17.57421],[168.20911,-17.57576],[168.2099,-17.57784],[168.20601,-17.58662],[168.20024,-17.59053],[168.1995,-17.59392],[168.19747,-17.59373],[168.19801,-17.59514],[168.19534,-17.59575],[168.19224,-17.60268],[168.20611,-17.61042],[168.21312,-17.61247]]],[[[168.28829,-17.50487],[168.27792,-17.50608],[168.27614,-17.50976],[168.27277,-17.51026],[168.26749,-17.51468],[168.26798,-17.51896],[168.2562,-17.52086],[168.24548,-17.51969],[168.24226,-17.52198],[168.23732,-17.52263],[168.23359,-17.52591],[168.23371,-17.52777],[168.22977,-17.52899],[168.22684,-17.53589],[168.22904,-17.53925],[168.2277,-17.54058],[168.23097,-17.54763],[168.23062,-17.55145],[168.22339,-17.55408],[168.21953,-17.55829],[168.21638,-17.5592],[168.21343,-17.56374],[168.21338,-17.5688],[168.22002,-17.56991],[168.22327,-17.56785],[168.23459,-17.55763],[168.23763,-17.55098],[168.24818,-17.54782],[168.25141,-17.54979],[168.25664,-17.54728],[168.26477,-17.54828],[168.26996,-17.54164],[168.27118,-17.53751],[168.27407,-17.53746],[168.29224,-17.52812],[168.30117,-17.52934],[168.30622,-17.52658],[168.29731,-17.51209],[168.2923,-17.50666],[168.28829,-17.50487]]]]},"properties":{"ADM1_EN":"SHEFA","ADM2_EN":"North West Efate"}},
{"type":"Feature","geometry":{"type":"Polygon","coordinates":[[[168.36577,-17.6242],[168.36544,-17.62391],[168.36479,-17.62369],[168.36436,-17.62271],[168.3645,-17.62195],[168.36452,-17.62167],[168.36407,-17.61895],[168.36473,-17.61724],[168.36477,-17.61711],[168.36526,-17.61504],[168.36685,-17.60944],[168.36716,-17.60814],[168.36723,-17.60699],[168.3676,-17.60596],[168.36904,-17.59864],[168.3673,-17.59607],[168.36259,-17.59189],[168.35547,-17.59135],[168.3529,-17.6014],[168.34645,-17.60681],[168.34103,-17.61434],[168.3392,-17.61571],[168.33647,-17.61511],[168.33633,-17.61505],[168.33117,-17.61503],[168.32044,-17.6119],[168.32249,-17.6156],[168.3229,-17.62278],[168.32206,-17.6261],[168.31778,-17.62883],[168.32087,-17.62937],[168.32307,-17.63226],[168.31854,-17.63461],[168.31451,-17.63403],[168.31327,-17.63615],[168.31123,-17.63439],[168.31118,-17.63439],[168.31117,-17.63443],[168.31082,-17.63666],[168.30925,-17.63553],[168.30486,-17.63653],[168.30496,-17.64117],[168.30235,-17.64186],[168.30305,-17.64299],[168.30167,-17.64292],[168.3008,-17.64497],[168.29817,-17.64407],[168.29635,-17.64805],[168.29384,-17.64898],[168.29302,-17.65176],[168.29547,-17.65349],[168.2927,-17.65583],[168.28428,-17.65269],[168.28374,-17.65653],[168.28163,-17.6581],[168.27447,-17.66095],[168.25853,-17.67109],[168.25392,-17.67155],[168.25295,-17.67617],[168.2516,-17.67636],[168.25776,-17.68552],[168.26593,-17.68964],[168.26714,-17.69343],[168.26558,-17.69548],[168.27072,-17.69394],[168.27345,-17.69222],[168.27424,-17.69073],[168.27488,-17.68716],[168.27705,-17.68696],[168.27695,-17.68478],[168.28033,-17.68377],[168.28283,-17.68041],[168.29781,-17.69126],[168.29771,-17.69326],[168.30425,-17.6921],[168.30423,-17.69131],[168.30505,-17.69042],[168.30529,-17.69117],[168.30618,-17.69144],[168.30722,-17.69113],[168.30863,-17.68988],[168.30955,-17.69004],[168.30943,-17.68861],[168.31291,-17.68946],[168.31431,-17.68653],[168.31994,-17.68568],[168.32571,-17.69177],[168.3306,-17.68618],[168.33301,-17.67899],[168.338,-17.67627],[168.34153,-17.67699],[168.3434,-17.67574],[168.34898,-17.6788],[168.34999,-17.681],[168.3532,-17.68103],[168.35685,-17.67904],[168.35585,-17.66862],[168.35771,-17.66506],[168.36302,-17.66091],[168.36163,-17.65459],[168.35869,-17.65411],[168.36,-17.65086],[168.36379,-17.65048],[168.36577,-17.64679],[168.36631,-17.64256],[168.36291,-17.63899],[168.36269,-17.63326],[168.3651,-17.63185],[168.36577,-17.6242]]]},"properties":{"ADM1_EN":"SHEFA","ADM2_EN":"Mele"}},
{"type":"Feature","geometry":{"type":"MultiPolygon","coordinates":[[[[167.62062,-13.70234],[167.61788,-13.70511],[167.61824,-13.70706],[167.62462,-13.71091],[167.63642,-13.70219],[167.64262,-13.6993],[167.66363,-13.69809],[167.67194,-13.69572],[167.67636,-13.69284],[167.67819,-13.68782],[167.68593,-13.68339],[167.69238,-13.68343],[167.69601,-13.68045],[167.70224,-13.68049],[167.70582,-13.68219],[167.70793,-13.68184],[167.71067,-13.67855],[167.71401,-13.67906],[167.71632,-13.6761],[167.71663,-13.66457],[167.71283,-13.65319],[167.71355,-13.64785],[167.71086,-13.64647],[167.70677,-13.6488],[167.69314,-13.65243],[167.68547,-13.65305],[167.68302,-13.65275],[167.68122,-13.65038],[167.67687,-13.64978],[167.66387,-13.65057],[167.65919,-13.6492],[167.6562,-13.65054],[167.65489,-13.6524],[167.6565,-13.6575],[167.65451,-13.65861],[167.65635,-13.6637],[167.65606,-13.66751],[167.65258,-13.67494],[167.64521,-13.68209],[167.64342,-13.68124],[167.64355,-13.68276],[167.64079,-13.68442],[167.63229,-13.69525],[167.62062,-13.70234]]],[[[167.5231,-13.62472],[167.52138,-13.62059],[167.52157,-13.62965],[167.5231,-13.62472]]],[[[167.53599,-13.61388],[167.53258,-13.60794],[167.53052,-13.60912],[167.53118,-13.61528],[167.53424,-13.61621],[167.53657,-13.62159],[167.53794,-13.62138],[167.53938,-13.61693],[167.53599,-13.61388]]],[[[167.52411,-13.60928],[167.52398,-13.61555],[167.52703,-13.61465],[167.52634,-13.60501],[167.52411,-13.60928]]],[[[167.53447,-13.60088],[167.53601,-13.5972],[167.53461,-13.59519],[167.53257,-13.5982],[167.53338,-13.60003],[167.53018,-13.60449],[167.53079,-13.60622],[167.53325,-13.60639],[167.53447,-13.60088]]],[[[167.50785,-13.59951],[167.50743,-13.59769],[167.50548,-13.59944],[167.50599,-13.60079],[167.50785,-13.59951]]],[[[167.62668,-13.71584],[167.63094,-13.72129],[167.63372,-13.71986],[167.63273,-13.7135],[167.62702,-13.71271],[167.62557,-13.71472],[167.62668,-13.71584]]]]},"properties":{"ADM1_EN":"TORBA","ADM2_EN":"Motalava"}},
{"type":"Feature","geometry":{"type":"Polygon","coordinates":[[[167.71309,-13.84798],[167.70512,-13.83447],[167.70046,-13.83019],[167.69566,-13.82871],[167.6828,-13.83569],[167.68306,-13.83779],[167.67838,-13.84025],[167.67561,-13.84477],[167.68244,-13.85972],[167.69905,-13.86184],[167.70813,-13.85909],[167.71271,-13.85141],[167.71309,-13.84798]]]},"properties":{"ADM1_EN":"TORBA","ADM2_EN":"Mota"}},
{"type":"Feature","geometry":{"type":"Polygon","coordinates":[[[168.0364,-16.19466],[168.04948,-16.21676],[168.0575,-16.22279],[168.06375,-16.22644],[168.07096,-16.22824],[168.07755,-16.23273],[168.11048,-16.24439],[168.11456,-16.24979],[168.12774,-16.25668],[168.13715,-16.25817],[168.14968,-16.25064],[168.19637,-16.23359],[168.21976,-16.23139],[168.22042,-16.22112],[168.21549,-16.21862],[168.21511,-16.21615],[168.21668,-16.21364],[168.21115,-16.19514],[168.2072,-16.18536],[168.20314,-16.17951],[168.20447,-16.17665],[168.20382,-16.16802],[168.19447,-16.1598],[168.19677,-16.15492],[168.1947,-16.14426],[168.19579,-16.13894],[168.19303,-16.13335],[168.19334,-16.13101],[168.18996,-16.12923],[168.19193,-16.12447],[168.18964,-16.12195],[168.18352,-16.10697],[168.18036,-16.10652],[168.17515,-16.10064],[168.17232,-16.0995],[168.16879,-16.10054],[168.16611,-16.0985],[168.15819,-16.09888],[168.15483,-16.09744],[168.15235,-16.099],[168.14543,-16.09861],[168.14034,-16.10085],[168.13673,-16.10071],[168.13267,-16.1032],[168.13144,-16.10522],[168.13207,-16.10911],[168.13006,-16.11176],[168.13055,-16.11453],[168.1266,-16.12076],[168.12479,-16.12979],[168.12024,-16.14095],[168.11306,-16.14641],[168.1122,-16.14998],[168.10916,-16.15331],[168.10021,-16.15653],[168.09799,-16.15525],[168.09624,-16.15667],[168.09635,-16.15895],[168.09363,-16.15781],[168.0916,-16.16045],[168.09085,-16.16687],[168.0886,-16.16734],[168.08908,-16.16906],[168.08278,-16.16839],[168.08147,-16.17078],[168.08437,-16.17447],[168.082,-16.17626],[168.08035,-16.18162],[168.07772,-16.17931],[168.07443,-16.1787],[168.06828,-16.18122],[168.064,-16.1851],[168.06303,-16.19223],[168.0606,-16.19052],[168.05737,-16.19355],[168.05147,-16.19415],[168.04571,-16.19884],[168.04338,-16.19941],[168.04327,-16.19558],[168.03778,-16.19257],[168.0364,-16.19466]]]},"properties":{"ADM1_EN":"MALAMPA","ADM2_EN":"North Ambrym"}},
{"type":"Feature","geometry":{"type":"Polygon","coordinates":[[[168.37291,-17.6016],[168.37454,-17.60235],[168.37488,-17.60267],[168.37602,-17.60245],[168.37624,-17.60253],[168.37639,-17.60267],[168.37675,-17.60288],[168.3771,-17.60298],[168.38089,-17.6031],[168.38134,-17.60291],[168.38275,-17.60224],[168.38495,-17.60205],[168.38519,-17.60202],[168.38525,-17.60199],[168.38586,-17.60166],[168.38603,-17.60143],[168.38617,-17.60114],[168.38684,-17.60112],[168.38724,-17.60165],[168.38791,-17.60183],[168.38816,-17.60212],[168.38891,-17.60343],[168.38904,-17.6034],[168.38957,-17.60328],[168.38969,-17.60336],[168.3899,-17.60351],[168.39165,-17.60391],[168.39219,-17.60435],[168.3928,-17.60423],[168.3941,-17.60535],[168.3944,-17.60537],[168.39596,-17.60651],[168.39702,-17.60667],[168.39805,-17.60691],[168.39861,-17.60736],[168.3991,-17.60703],[168.3992,-17.60663],[168.39991,-17.60602],[168.39998,-17.60611],[168.40022,-17.60647],[168.40052,-17.60662],[168.40104,-17.6076],[168.40098,-17.6077],[168.40098,-17.60771],[168.40221,-17.60803],[168.40343,-17.60892],[168.40365,-17.60953],[168.40361,-17.61033],[168.40358,-17.61048],[168.40348,-17.6108],[168.40314,-17.61134],[168.40369,-17.6119],[168.40488,-17.61253],[168.40747,-17.61328],[168.40917,-17.61479],[168.41096,-17.61659],[168.41196,-17.61664],[168.41256,-17.61703],[168.41168,-17.61737],[168.4134,-17.61804],[168.41412,-17.61798],[168.41504,-17.61928],[168.41652,-17.61892],[168.41756,-17.61935],[168.41796,-17.61956],[168.41845,-17.61956],[168.41928,-17.61845],[168.41905,-17.61801],[168.41968,-17.61716],[168.42041,-17.61717],[168.42127,-17.61713],[168.42124,-17.6171],[168.42206,-17.61671],[168.42323,-17.61722],[168.42336,-17.61769],[168.42776,-17.61644],[168.42945,-17.61497],[168.43203,-17.61574],[168.43299,-17.61595],[168.43366,-17.61636],[168.43423,-17.61697],[168.435,-17.61708],[168.4355,-17.61703],[168.43579,-17.61685],[168.43609,-17.61522],[168.4361,-17.6152],[168.43666,-17.61325],[168.44251,-17.61021],[168.44278,-17.60973],[168.44337,-17.60916],[168.44468,-17.60899],[168.44704,-17.60828],[168.4488,-17.60785],[168.44978,-17.60654],[168.45016,-17.60575],[168.4503,-17.60528],[168.45049,-17.60449],[168.45253,-17.60369],[168.45457,-17.60348],[168.45764,-17.60248],[168.45917,-17.60203],[168.45962,-17.60198],[168.46038,-17.60189],[168.46128,-17.60146],[168.46225,-17.60123],[168.46755,-17.60059],[168.46954,-17.60173],[168.47036,-17.60144],[168.47041,-17.60142],[168.47543,-17.60028],[168.47842,-17.59986],[168.48011,-17.60046],[168.48374,-17.60136],[168.48465,-17.6012],[168.48666,-17.59998],[168.4874,-17.5999],[168.48769,-17.59981],[168.48786,-17.59971],[168.48942,-17.59735],[168.48975,-17.59652],[168.48997,-17.59543],[168.49017,-17.59349],[168.49025,-17.59167],[168.49046,-17.59127],[168.46984,-17.57192],[168.46815,-17.56891],[168.46459,-17.56738],[168.46475,-17.56191],[168.46092,-17.55789],[168.45801,-17.55125],[168.45594,-17.54148],[168.45092,-17.53574],[168.44594,-17.53297],[168.44445,-17.53001],[168.4418,-17.53137],[168.42381,-17.53033],[168.40218,-17.52644],[168.39845,-17.53155],[168.3911,-17.53567],[168.3766,-17.53994],[168.36725,-17.53924],[168.36096,-17.54253],[168.35507,-17.54214],[168.35638,-17.54444],[168.3606,-17.54612],[168.36781,-17.55614],[168.38181,-17.56068],[168.38144,-17.56511],[168.38614,-17.57521],[168.38511,-17.57916],[168.38157,-17.58108],[168.38095,-17.58442],[168.3782,-17.58702],[168.38148,-17.58781],[168.37631,-17.59708],[168.37241,-17.59934],[168.37291,-17.6016]]]},"properties":{"ADM1_EN":"SHEFA","ADM2_EN":"North Efate"}},
{"type":"Feature","geometry":{"type":"Polygon","coordinates":[[[169.20163,-18.78694],[169.19624,-18.78986],[169.20379,-18.78252],[169.20997,-18.78375],[169.21865,-18.77685],[169.2278,-18.7781],[169.23168,-18.7775],[169.2342,-18.77509],[169.25081,-18.77517],[169.25595,-18.77259],[169.27333,-18.77155],[169.2797,-18.77408],[169.28271,-18.77215],[169.2831,-18.77026],[169.27805,-18.76261],[169.269,-18.75617],[169.2644,-18.7475],[169.25936,-18.73227],[169.25708,-18.73073],[169.24153,-18.73317],[169.21879,-18.74583],[169.2141,-18.74477],[169.2092,-18.74702],[169.18967,-18.73576],[169.18637,-18.73266],[169.18657,-18.72684],[169.18508,-18.7264],[169.18344,-18.72804],[169.18199,-18.7268],[169.1801,-18.7285],[169.17608,-18.72491],[169.17098,-18.72974],[169.17972,-18.71883],[169.17613,-18.70892],[169.16871,-18.70318],[169.17154,-18.70366],[169.17477,-18.69862],[169.1736,-18.69494],[169.17463,-18.69426],[169.17569,-18.69556],[169.17752,-18.69274],[169.17477,-18.68744],[169.17563,-18.67874],[169.17422,-18.67172],[169.16891,-18.66464],[169.1642,-18.66127],[169.1597,-18.66204],[169.15944,-18.66082],[169.1621,-18.66001],[169.16081,-18.65349],[169.15663,-18.64583],[169.14628,-18.63397],[169.14103,-18.63133],[169.13801,-18.63477],[169.13871,-18.63031],[169.13197,-18.62777],[169.13013,-18.62892],[169.11781,-18.62404],[169.11538,-18.6278],[169.11525,-18.62523],[169.11118,-18.6214],[169.10685,-18.62058],[169.10068,-18.62156],[169.0953,-18.62506],[169.08635,-18.62592],[169.08613,-18.62916],[169.07921,-18.62657],[169.07537,-18.62766],[169.06706,-18.62636],[169.06407,-18.62715],[169.05687,-18.62456],[169.05061,-18.62508],[169.04848,-18.62584],[169.0467,-18.63197],[169.04269,-18.62977],[169.03852,-18.6304],[169.0377,-18.63264],[169.03523,-18.63359],[169.0356,-18.63642],[169.03395,-18.63621],[169.03206,-18.63897],[169.02976,-18.63932],[169.02611,-18.64373],[169.02591,-18.64638],[169.023,-18.64609],[169.01511,-18.65548],[169.00774,-18.66012],[169.00866,-18.66368],[168.99978,-18.67473],[168.99892,-18.6802],[168.9964,-18.68418],[168.99898,-18.69614],[169.00361,-18.70285],[169.00223,-18.70473],[169.00248,-18.71106],[169.00132,-18.71363],[168.99984,-18.71355],[169.00033,-18.71826],[168.99752,-18.72486],[168.99237,-18.72502],[168.9913,-18.7285],[168.99252,-18.73013],[168.99037,-18.74238],[168.98895,-18.74336],[168.98987,-18.74976],[168.9887,-18.75436],[168.98606,-18.75586],[168.98769,-18.76081],[168.98638,-18.76444],[168.9903,-18.77132],[168.99938,-18.78019],[169.00708,-18.7918],[169.00998,-18.80203],[169.00862,-18.80321],[169.00874,-18.81094],[169.01494,-18.81537],[169.01472,-18.81727],[169.0185,-18.81877],[169.01511,-18.81871],[169.01552,-18.82172],[169.01154,-18.825],[169.01677,-18.82783],[169.03228,-18.82677],[169.04849,-18.82065],[169.05379,-18.81999],[169.05777,-18.81658],[169.06631,-18.81486],[169.06863,-18.81679],[169.08398,-18.81489],[169.09069,-18.81345],[169.09525,-18.81278],[169.10764,-18.83506],[169.11539,-18.83965],[169.13812,-18.84769],[169.14949,-18.85243],[169.15802,-18.85616],[169.1678,-18.86464],[169.18535,-18.87426],[169.18902,-18.87634],[169.19096,-18.88094],[169.20364,-18.89019],[169.21227,-18.89561],[169.22412,-18.90023],[169.25531,-18.91595],[169.3344,-18.95738],[169.33753,-18.95219],[169.34376,-18.94801],[169.34182,-18.94329],[169.34348,-18.94081],[169.34431,-18.92732],[169.34154,-18.9213],[169.33947,-18.9107],[169.33476,-18.90409],[169.33255,-18.89466],[169.32016,-18.88137],[169.31566,-18.88098],[169.31843,-18.87947],[169.31546,-18.87207],[169.29266,-18.85681],[169.29048,-18.85687],[169.28764,-18.86063],[169.29056,-18.85488],[169.28313,-18.85239],[169.2798,-18.84941],[169.27751,-18.84958],[169.27568,-18.85383],[169.27442,-18.85397],[169.27567,-18.85368],[169.27662,-18.84923],[169.27354,-18.84535],[169.26197,-18.84005],[169.25044,-18.83677],[169.2488,-18.8375],[169.2487,-18.83574],[169.24514,-18.83301],[169.23773,-18.82971],[169.23238,-18.8232],[169.21982,-18.8143],[169.21824,-18.81464],[169.21776,-18.8125],[169.20985,-18.80449],[169.20353,-18.79291],[169.20372,-18.78868],[169.20163,-18.78694]]]},"properties":{"ADM1_EN":"TAFEA","ADM2_EN":"North Erromango"}},
{"type":"Feature","geometry":{"type":"Polygon","coordinates":[[[168.14267,-15.12461],[168.14718,-15.12174],[168.14805,-15.11917],[168.14453,-15.1117],[168.13901,-15.11005],[168.13672,-15.09969],[168.13361,-15.0951],[168.13547,-15.09172],[168.13501,-15.08893],[168.13049,-15.08553],[168.13161,-15.08411],[168.12907,-15.08181],[168.12898,-15.07529],[168.12552,-15.07115],[168.12853,-15.06619],[168.12331,-15.0573],[168.12519,-15.05251],[168.12856,-15.05183],[168.12963,-15.04984],[168.12936,-15.04604],[168.1274,-15.04323],[168.128,-15.03953],[168.12722,-15.03717],[168.12426,-15.03535],[168.12372,-15.03023],[168.12214,-15.02827],[168.1227,-15.02461],[168.12056,-15.02208],[168.11626,-15.02039],[168.11527,-15.01605],[168.11142,-15.01374],[168.11027,-15.01124],[168.11023,-14.9971],[168.10619,-14.9857],[168.10461,-14.97562],[168.10105,-14.97139],[168.10223,-14.96656],[168.1004,-14.95965],[168.09709,-14.95548],[168.09718,-14.94006],[168.09403,-14.93845],[168.0932,-14.93236],[168.08856,-14.92809],[168.08874,-14.92528],[168.08276,-14.91408],[168.08253,-14.90634],[168.07989,-14.90136],[168.07532,-14.9],[168.07327,-14.89707],[168.07074,-14.89649],[168.06771,-14.89705],[168.06422,-14.90021],[168.06092,-14.89796],[168.05447,-14.89873],[168.05149,-14.89538],[168.04621,-14.89266],[168.04219,-14.89548],[168.03804,-14.90365],[168.03985,-14.91017],[168.04429,-14.91701],[168.04667,-14.92587],[168.04607,-14.93136],[168.04942,-14.9314],[168.04907,-14.93345],[168.05245,-14.93495],[168.0523,-14.93782],[168.05576,-14.94415],[168.06064,-14.96037],[168.06096,-14.96517],[168.05776,-14.96683],[168.05719,-14.97175],[168.06097,-14.97902],[168.05994,-14.98185],[168.05724,-14.98303],[168.0595,-14.98799],[168.05816,-14.99487],[168.05896,-15.00079],[168.06147,-15.00534],[168.06518,-15.00772],[168.06651,-15.01161],[168.06539,-15.01459],[168.06892,-15.02773],[168.06755,-15.03722],[168.06917,-15.04497],[168.06891,-15.0526],[168.0744,-15.06338],[168.07924,-15.07927],[168.07758,-15.08928],[168.07791,-15.09382],[168.08053,-15.09652],[168.07949,-15.10385],[168.08102,-15.10927],[168.08418,-15.11175],[168.09052,-15.12818],[168.10581,-15.12494],[168.13603,-15.12612],[168.14267,-15.12461]]]},"properties":{"ADM1_EN":"PENAMA","ADM2_EN":"North Maewo"}},
{"type":"Feature","geometry":{"type":"MultiPolygon","coordinates":[[[[168.19452,-15.62721],[168.19428,-15.62707],[168.19419,-15.62705],[168.19433,-15.62719],[168.19553,-15.62767],[168.19544,-15.6275],[168.19543,-15.6275],[168.19502,-15.62733],[168.19478,-15.62728],[168.19456,-15.62723],[168.19452,-15.62721]]],[[[168.1919,-15.62149],[168.19192,-15.62147],[168.19404,-15.61923],[168.19308,-15.61503],[168.18897,-15.61337],[168.19255,-15.61036],[168.19054,-15.61126],[168.18759,-15.60739],[168.18459,-15.59799],[168.19047,-15.59174],[168.19069,-15.58617],[168.19604,-15.58254],[168.1988,-15.57809],[168.1974,-15.5706],[168.1987,-15.56551],[168.19693,-15.55957],[168.19829,-15.55174],[168.19447,-15.54532],[168.19261,-15.53603],[168.19382,-15.53184],[168.19172,-15.52537],[168.1941,-15.51893],[168.1923,-15.51383],[168.18905,-15.51184],[168.17182,-15.51223],[168.16918,-15.5069],[168.16157,-15.5021],[168.16046,-15.4968],[168.16138,-15.48938],[168.15959,-15.48249],[168.16276,-15.47742],[168.16238,-15.4723],[168.16802,-15.46709],[168.16794,-15.45979],[168.16892,-15.45745],[168.17051,-15.45746],[168.16863,-15.45174],[168.16256,-15.45026],[168.16308,-15.44835],[168.15908,-15.45014],[168.15228,-15.4487],[168.1496,-15.44952],[168.14063,-15.45693],[168.14415,-15.46273],[168.14175,-15.46914],[168.14316,-15.4718],[168.14142,-15.47466],[168.14107,-15.48486],[168.13878,-15.49342],[168.13719,-15.49462],[168.13955,-15.49558],[168.14132,-15.50154],[168.13973,-15.51002],[168.14358,-15.52201],[168.14279,-15.52719],[168.13831,-15.53428],[168.13855,-15.53677],[168.13964,-15.53859],[168.14192,-15.53803],[168.14759,-15.54127],[168.15024,-15.54552],[168.14224,-15.55347],[168.13364,-15.55476],[168.13139,-15.55874],[168.13176,-15.56033],[168.13444,-15.56155],[168.13468,-15.56686],[168.13107,-15.57087],[168.12884,-15.57668],[168.12947,-15.58163],[168.12657,-15.58424],[168.12638,-15.59025],[168.1231,-15.59628],[168.12538,-15.59866],[168.12636,-15.60503],[168.13076,-15.60515],[168.13411,-15.60573],[168.13514,-15.6066],[168.13526,-15.60669],[168.1353,-15.6067],[168.13646,-15.60712],[168.14016,-15.60885],[168.14313,-15.6078],[168.14724,-15.60995],[168.14633,-15.60554],[168.14965,-15.60655],[168.15627,-15.61254],[168.15606,-15.61562],[168.15811,-15.61882],[168.16001,-15.61625],[168.16457,-15.61512],[168.16525,-15.61335],[168.17051,-15.61039],[168.16877,-15.6153],[168.17357,-15.62277],[168.18228,-15.62243],[168.19111,-15.62156],[168.1916,-15.62149],[168.19168,-15.62148],[168.1919,-15.62149]]],[[[168.19193,-15.6215],[168.1919,-15.62149],[168.19142,-15.62264],[168.19204,-15.62332],[168.19212,-15.62345],[168.19193,-15.62309],[168.19191,-15.62155],[168.19193,-15.6215]]],[[[168.19304,-15.62566],[168.19278,-15.62544],[168.19309,-15.62579],[168.19331,-15.62573],[168.19317,-15.62573],[168.19304,-15.62566]]],[[[168.1937,-15.62621],[168.19362,-15.62592],[168.19375,-15.62673],[168.19374,-15.62658],[168.19374,-15.62656],[168.1937,-15.62621]]],[[[168.19217,-15.62379],[168.19214,-15.62356],[168.19214,-15.62365],[168.19197,-15.62446],[168.19217,-15.62379]]],[[[168.19199,-15.62499],[168.19194,-15.62485],[168.19194,-15.62454],[168.19192,-15.62493],[168.19199,-15.62499]]],[[[168.19235,-15.62509],[168.19199,-15.62499],[168.19212,-15.62504],[168.19249,-15.62518],[168.19235,-15.62509]]],[[[168.19331,-15.62573],[168.19338,-15.62569],[168.19353,-15.62563],[168.19334,-15.6257],[168.19331,-15.62573]]],[[[168.19362,-15.62592],[168.19362,-15.62587],[168.19355,-15.62563],[168.19361,-15.62586],[168.19362,-15.62592]]],[[[168.19403,-15.62687],[168.19384,-15.62668],[168.19374,-15.62658],[168.19376,-15.62674],[168.19419,-15.62705],[168.19403,-15.62687]]]]},"properties":{"ADM1_EN":"PENAMA","ADM2_EN":"North Pentecost"}},
{"type":"Feature","geometry":{"type":"MultiPolygon","coordinates":[[[[168.52781,-16.91742],[168.53001,-16.93425],[168.54498,-16.93677],[168.54785,-16.93443],[168.55024,-16.93525],[168.55402,-16.93408],[168.55873,-16.92981],[168.56402,-16.92814],[168.56841,-16.92845],[168.57145,-16.92266],[168.57505,-16.92231],[168.57352,-16.92005],[168.57691,-16.9143],[168.58095,-16.91073],[168.58403,-16.90993],[168.58556,-16.9037],[168.59004,-16.90187],[168.59517,-16.89733],[168.59455,-16.88744],[168.59687,-16.88514],[168.59683,-16.8829],[168.59256,-16.8747],[168.58892,-16.8721],[168.58178,-16.87238],[168.57341,-16.8666],[168.56118,-16.8625],[168.55846,-16.86639],[168.55294,-16.86991],[168.55191,-16.87548],[168.55007,-16.87681],[168.5423,-16.87909],[168.53381,-16.87872],[168.53198,-16.88101],[168.52732,-16.90046],[168.52873,-16.9097],[168.52781,-16.91742]]],[[[168.55656,-16.82363],[168.55782,-16.82393],[168.55708,-16.82251],[168.55563,-16.82294],[168.55656,-16.82363]]],[[[168.54356,-16.81551],[168.54315,-16.81699],[168.5452,-16.81699],[168.54797,-16.81472],[168.54356,-16.81551]]],[[[168.55908,-16.82848],[168.55929,-16.83062],[168.56412,-16.83067],[168.56243,-16.82735],[168.56405,-16.82518],[168.5581,-16.82457],[168.55908,-16.82848]]]]},"properties":{"ADM1_EN":"SHEFA","ADM2_EN":"Tongoa"}},
{"type":"Feature","geometry":{"type":"MultiPolygon","coordinates":[[[[167.39737,-16.04728],[167.40648,-16.03362],[167.40127,-16.01995],[167.40628,-16.01529],[167.4068,-16.01217],[167.40364,-16.00977],[167.39856,-16.01407],[167.39096,-16.01066],[167.38289,-16.0029],[167.37934,-15.99268],[167.36796,-15.98074],[167.36475,-15.97945],[167.36162,-15.98003],[167.35764,-15.97405],[167.35324,-15.97452],[167.34687,-15.97098],[167.34371,-15.97217],[167.3467,-15.96994],[167.3439,-15.96204],[167.34074,-15.95836],[167.33875,-15.9581],[167.33784,-15.95473],[167.33381,-15.95055],[167.32796,-15.93739],[167.32752,-15.93157],[167.32406,-15.93375],[167.32347,-15.93363],[167.3219,-15.93081],[167.32227,-15.92955],[167.32202,-15.92886],[167.32103,-15.92771],[167.32194,-15.92844],[167.32235,-15.92926],[167.32199,-15.93075],[167.32318,-15.93294],[167.32422,-15.93344],[167.32873,-15.92897],[167.33621,-15.92645],[167.33366,-15.91848],[167.33187,-15.9184],[167.33006,-15.91559],[167.32456,-15.91239],[167.3212,-15.91385],[167.30227,-15.90853],[167.28483,-15.89787],[167.28246,-15.89847],[167.28172,-15.89979],[167.2818,-15.90075],[167.28095,-15.90184],[167.27657,-15.90255],[167.28155,-15.90094],[167.28168,-15.90011],[167.27877,-15.89906],[167.27972,-15.89629],[167.27423,-15.89478],[167.26514,-15.88707],[167.22558,-15.87893],[167.21906,-15.87959],[167.21989,-15.8843],[167.22567,-15.89146],[167.22605,-15.90153],[167.23125,-15.90609],[167.23104,-15.91618],[167.23554,-15.91914],[167.23632,-15.92227],[167.23529,-15.92374],[167.23779,-15.92602],[167.23873,-15.93019],[167.23807,-15.93476],[167.24174,-15.93991],[167.24138,-15.94254],[167.24309,-15.94274],[167.24152,-15.9437],[167.24111,-15.94918],[167.2383,-15.95195],[167.23334,-15.95284],[167.22868,-15.95627],[167.2255,-15.96873],[167.23022,-15.96894],[167.23481,-15.96658],[167.23876,-15.96648],[167.24005,-15.96205],[167.24126,-15.96089],[167.24306,-15.96163],[167.24386,-15.96395],[167.24112,-15.96518],[167.23917,-15.97368],[167.2378,-15.97478],[167.23787,-15.97849],[167.24711,-15.98506],[167.25305,-15.98449],[167.25454,-15.99075],[167.25717,-15.99432],[167.25907,-15.9956],[167.26252,-15.99461],[167.26239,-15.99725],[167.25895,-15.99671],[167.26197,-16.00135],[167.26634,-16.00316],[167.27285,-16.00082],[167.27998,-16.00704],[167.29265,-16.02516],[167.30215,-16.03235],[167.3161,-16.04092],[167.32574,-16.04424],[167.33125,-16.0444],[167.3279,-16.03151],[167.32984,-16.02236],[167.33201,-16.02132],[167.33298,-16.01851],[167.34746,-16.01364],[167.3512,-16.01575],[167.36822,-16.01456],[167.37428,-16.01851],[167.38035,-16.0192],[167.37884,-16.02079],[167.37953,-16.02428],[167.3772,-16.02902],[167.38232,-16.03481],[167.38452,-16.04239],[167.39737,-16.04728]]],[[[167.33801,-15.9443],[167.34083,-15.94522],[167.34526,-15.94393],[167.34808,-15.94021],[167.3482,-15.93738],[167.34695,-15.9363],[167.34276,-15.93751],[167.33983,-15.93985],[167.33801,-15.9443]]],[[[167.30811,-15.90226],[167.31129,-15.90253],[167.31698,-15.89999],[167.3137,-15.89523],[167.31059,-15.89353],[167.30653,-15.89383],[167.30181,-15.8975],[167.30488,-15.9028],[167.30811,-15.90226]]],[[[167.38974,-15.99323],[167.39429,-15.99233],[167.39612,-15.98852],[167.3946,-15.98387],[167.38889,-15.97957],[167.38463,-15.98359],[167.38357,-15.98827],[167.38974,-15.99323]]],[[[167.38019,-15.97739],[167.38271,-15.97089],[167.37972,-15.96788],[167.37563,-15.97031],[167.37403,-15.97349],[167.37534,-15.97813],[167.38019,-15.97739]]]]},"properties":{"ADM1_EN":"MALAMPA","ADM2_EN":"North East Malekula"}},
{"type":"Feature","geometry":{"type":"MultiPolygon","coordinates":[[[[168.40247,-17.52053],[168.40174,-17.52141],[168.40355,-17.51937],[168.4084,-17.51851],[168.40803,-17.51365],[168.4025,-17.51622],[168.40247,-17.52053]]],[[[168.40297,-17.50251],[168.40763,-17.50417],[168.41574,-17.50138],[168.4185,-17.50356],[168.41993,-17.50006],[168.41835,-17.49372],[168.40833,-17.48581],[168.40214,-17.48308],[168.39293,-17.48322],[168.39123,-17.48459],[168.39945,-17.4935],[168.40297,-17.50251]]],[[[168.38019,-17.48429],[168.38791,-17.48229],[168.38819,-17.47831],[168.38033,-17.46302],[168.37683,-17.46025],[168.36447,-17.44001],[168.35655,-17.43124],[168.35513,-17.42769],[168.35536,-17.42199],[168.35026,-17.41331],[168.34462,-17.41162],[168.33281,-17.41595],[168.3258,-17.42125],[168.32853,-17.42608],[168.32665,-17.42985],[168.32314,-17.43122],[168.33297,-17.44785],[168.33392,-17.45321],[168.33589,-17.45448],[168.34511,-17.4711],[168.36271,-17.48244],[168.37344,-17.48266],[168.38019,-17.48429]]]]},"properties":{"ADM1_EN":"SHEFA","ADM2_EN":"Nguna/Pele"}},
{"type":"Feature","geometry":{"type":"Polygon","coordinates":[[[167.97067,-15.27803],[167.96648,-15.27507],[167.95371,-15.27532],[167.95218,-15.27784],[167.9437,-15.28052],[167.93642,-15.28149],[167.93159,-15.28022],[167.9245,-15.28563],[167.9148,-15.28397],[167.90701,-15.28617],[167.90405,-15.28918],[167.8972,-15.28696],[167.89216,-15.29241],[167.86579,-15.30147],[167.85414,-15.30913],[167.85145,-15.30837],[167.84558,-15.3121],[167.83108,-15.31659],[167.81722,-15.31706],[167.81594,-15.31896],[167.80615,-15.3239],[167.80574,-15.32583],[167.797,-15.33025],[167.78486,-15.34243],[167.79504,-15.35529],[167.80228,-15.36166],[167.8151,-15.36789],[167.83168,-15.37236],[167.83248,-15.36787],[167.83547,-15.36684],[167.84528,-15.36762],[167.87283,-15.36436],[167.88949,-15.35652],[167.90243,-15.34533],[167.91564,-15.33685],[167.9263,-15.32057],[167.9371,-15.31223],[167.94481,-15.30683],[167.96164,-15.30023],[167.96573,-15.29723],[167.97326,-15.28874],[167.96948,-15.28461],[167.96877,-15.28162],[167.97067,-15.27803]]]},"properties":{"ADM1_EN":"PENAMA","ADM2_EN":"North Ambae"}},
{"type":"Feature","geometry":{"type":"Polygon","coordinates":[[[167.33125,-16.0444],[167.32574,-16.04424],[167.3161,-16.04092],[167.30215,-16.03235],[167.29265,-16.02516],[167.27998,-16.00704],[167.27285,-16.00082],[167.26634,-16.00316],[167.26197,-16.00135],[167.25895,-15.99671],[167.26239,-15.99725],[167.26252,-15.99461],[167.25907,-15.9956],[167.25717,-15.99432],[167.25454,-15.99075],[167.25305,-15.98449],[167.24711,-15.98506],[167.23787,-15.97849],[167.2378,-15.97478],[167.23917,-15.97368],[167.24112,-15.96518],[167.24386,-15.96395],[167.24306,-15.96163],[167.24126,-15.96089],[167.24005,-15.96205],[167.23876,-15.96648],[167.23481,-15.96658],[167.23022,-15.96894],[167.2255,-15.96873],[167.22868,-15.95627],[167.23334,-15.95284],[167.2383,-15.95195],[167.24111,-15.94918],[167.24152,-15.9437],[167.24309,-15.94274],[167.24138,-15.94254],[167.24174,-15.93991],[167.23807,-15.93476],[167.23873,-15.93019],[167.23779,-15.92602],[167.23529,-15.92374],[167.23632,-15.92227],[167.23554,-15.91914],[167.23104,-15.91618],[167.23125,-15.90609],[167.22605,-15.90153],[167.22567,-15.89146],[167.21989,-15.8843],[167.21906,-15.87959],[167.21538,-15.88197],[167.21154,-15.88839],[167.20866,-15.88745],[167.1891,-15.89377],[167.18384,-15.90049],[167.18001,-15.90216],[167.1796,-15.90618],[167.17667,-15.90932],[167.17413,-15.92556],[167.17641,-15.938],[167.1813,-15.94879],[167.18112,-15.95733],[167.18347,-15.96576],[167.18656,-15.97221],[167.19108,-15.97675],[167.19134,-15.97956],[167.18466,-15.98628],[167.18411,-15.98859],[167.18646,-15.98997],[167.18649,-15.99262],[167.18064,-15.99469],[167.18223,-15.99822],[167.18091,-16.0035],[167.17391,-16.013],[167.17671,-16.02024],[167.17401,-16.02856],[167.16982,-16.0327],[167.16923,-16.03576],[167.16123,-16.04232],[167.15836,-16.04705],[167.15916,-16.04952],[167.15728,-16.06501],[167.15502,-16.06805],[167.15365,-16.07611],[167.15441,-16.07916],[167.15742,-16.08155],[167.15552,-16.08852],[167.15897,-16.09057],[167.16568,-16.09093],[167.17366,-16.0989],[167.17693,-16.10633],[167.17852,-16.11502],[167.17611,-16.12101],[167.18209,-16.12697],[167.18773,-16.13646],[167.19158,-16.13938],[167.1917,-16.1418],[167.1936,-16.14059],[167.19357,-16.1367],[167.2001,-16.13549],[167.20417,-16.13777],[167.2097,-16.13834],[167.21211,-16.14097],[167.21433,-16.14071],[167.21959,-16.14583],[167.22211,-16.14583],[167.22272,-16.14414],[167.22861,-16.14486],[167.23218,-16.14816],[167.23099,-16.15125],[167.23703,-16.15638],[167.23453,-16.15691],[167.23911,-16.16255],[167.25231,-16.16556],[167.2573,-16.164],[167.2634,-16.15658],[167.28515,-16.14321],[167.29204,-16.13468],[167.2925,-16.13272],[167.29027,-16.13144],[167.29441,-16.12458],[167.30462,-16.12229],[167.30869,-16.1193],[167.31264,-16.11989],[167.31373,-16.11807],[167.31708,-16.1183],[167.32731,-16.11036],[167.33114,-16.11056],[167.33166,-16.11208],[167.34022,-16.10424],[167.35023,-16.09885],[167.36157,-16.09711],[167.36737,-16.07557],[167.36642,-16.07287],[167.37016,-16.06698],[167.36772,-16.06651],[167.36595,-16.06714],[167.36292,-16.06629],[167.36184,-16.06619],[167.35725,-16.06718],[167.35611,-16.06667],[167.34504,-16.05343],[167.33746,-16.0498],[167.33125,-16.0444]]]},"properties":{"ADM1_EN":"MALAMPA","ADM2_EN":"North West Malekula"}},
{"type":"Feature","geometry":{"type":"MultiPolygon","coordinates":[[[[168.21623,-16.5067],[168.21975,-16.50799],[168.22066,-16.50985],[168.22643,-16.51143],[168.23463,-16.50988],[168.23893,-16.51106],[168.24796,-16.49985],[168.2491,-16.49615],[168.25094,-16.49589],[168.25309,-16.48761],[168.25315,-16.46254],[168.25584,-16.45021],[168.2595,-16.44591],[168.26144,-16.44075],[168.26005,-16.43485],[168.25607,-16.4324],[168.24574,-16.43203],[168.23695,-16.42999],[168.23329,-16.43113],[168.22908,-16.43565],[168.22739,-16.44714],[168.22525,-16.44942],[168.22484,-16.45374],[168.21902,-16.46162],[168.21867,-16.47317],[168.21149,-16.49658],[168.21237,-16.50187],[168.2154,-16.50405],[168.21623,-16.5067]]],[[[168.33894,-16.48451],[168.33607,-16.48323],[168.33119,-16.48594],[168.32188,-16.48633],[168.31283,-16.49119],[168.30685,-16.49842],[168.30749,-16.50585],[168.31216,-16.51105],[168.31733,-16.5221],[168.32294,-16.52805],[168.34351,-16.53526],[168.3561,-16.53463],[168.36321,-16.52937],[168.3685,-16.52824],[168.3694,-16.51545],[168.36526,-16.51026],[168.36555,-16.5049],[168.35658,-16.48907],[168.35152,-16.4845],[168.33894,-16.48451]]]]},"properties":{"ADM1_EN":"MALAMPA","ADM2_EN":"Paama"}},
{"type":"Feature","geometry":{"type":"Polygon","coordinates":[[[168.27948,-17.76287],[168.26441,-17.76934],[168.2585,-17.7753],[168.25774,-17.78103],[168.26,-17.78283],[168.2623,-17.78194],[168.26678,-17.77479],[168.26969,-17.77273],[168.27216,-17.7741],[168.27226,-17.77691],[168.27411,-17.77794],[168.27613,-17.77715],[168.2792,-17.77089],[168.28364,-17.77285],[168.28226,-17.78085],[168.28387,-17.78334],[168.28538,-17.78328],[168.29004,-17.778],[168.29322,-17.77588],[168.29711,-17.77783],[168.30242,-17.77368],[168.3009,-17.77246],[168.30821,-17.75778],[168.30785,-17.75676],[168.30364,-17.7572],[168.30088,-17.75946],[168.30062,-17.76009],[168.29955,-17.76277],[168.29585,-17.76352],[168.29451,-17.76317],[168.2941,-17.7629],[168.29305,-17.76248],[168.28741,-17.76133],[168.28737,-17.76132],[168.2872,-17.76128],[168.28707,-17.76127],[168.287,-17.76127],[168.28681,-17.76132],[168.28678,-17.76134],[168.28669,-17.76135],[168.28622,-17.76144],[168.28618,-17.76146],[168.28077,-17.7647],[168.28066,-17.76473],[168.28054,-17.76448],[168.2804,-17.7642],[168.27948,-17.76287]]]},"properties":{"ADM1_EN":"SHEFA","ADM2_EN":"Pango"}},
{"type":"Feature","geometry":{"type":"MultiPolygon","coordinates":[[[[168.35767,-16.83618],[168.35976,-16.83785],[168.36219,-16.83466],[168.36232,-16.8301],[168.36083,-16.82874],[168.35722,-16.83105],[168.35767,-16.83618]]],[[[168.2934,-16.7934],[168.31229,-16.78406],[168.32657,-16.78425],[168.32894,-16.78656],[168.34767,-16.78254],[168.35629,-16.78338],[168.35955,-16.78566],[168.36005,-16.78954],[168.36458,-16.7907],[168.36792,-16.79588],[168.37909,-16.79728],[168.38179,-16.79635],[168.38575,-16.79778],[168.38719,-16.79969],[168.38705,-16.80378],[168.38936,-16.80708],[168.39702,-16.8126],[168.40067,-16.81364],[168.4058,-16.812],[168.40989,-16.81516],[168.42176,-16.81872],[168.45076,-16.83551],[168.46141,-16.83842],[168.46746,-16.83624],[168.47184,-16.8381],[168.47527,-16.8432],[168.47954,-16.84182],[168.47815,-16.83374],[168.48056,-16.82472],[168.47164,-16.81349],[168.47309,-16.81137],[168.47296,-16.8003],[168.47577,-16.79586],[168.48636,-16.7989],[168.49097,-16.79465],[168.4772,-16.78836],[168.47114,-16.77883],[168.46501,-16.77454],[168.46127,-16.76956],[168.44653,-16.76124],[168.43866,-16.75981],[168.43067,-16.76289],[168.42159,-16.77405],[168.41064,-16.77898],[168.40349,-16.77705],[168.40043,-16.77764],[168.3977,-16.77526],[168.37869,-16.77285],[168.36933,-16.76722],[168.36304,-16.76083],[168.36129,-16.75676],[168.35498,-16.7521],[168.35376,-16.74793],[168.35724,-16.74097],[168.35706,-16.73748],[168.35441,-16.73441],[168.3501,-16.73406],[168.34122,-16.73722],[168.33864,-16.73838],[168.31624,-16.73703],[168.31483,-16.73545],[168.30917,-16.7341],[168.30634,-16.73093],[168.29857,-16.73071],[168.28749,-16.73387],[168.29338,-16.74809],[168.2934,-16.7934]]]]},"properties":{"ADM1_EN":"SHEFA","ADM2_EN":"Yarsu"}},
{"type":"Feature","geometry":{"type":"Polygon","coordinates":[[[168.09052,-15.12818],[168.09196,-15.1315],[168.09674,-15.13416],[168.10471,-15.15601],[168.10399,-15.16641],[168.10952,-15.17394],[168.10986,-15.17999],[168.10759,-15.18528],[168.11153,-15.19101],[168.11115,-15.19707],[168.11273,-15.19968],[168.11135,-15.20158],[168.11245,-15.20417],[168.10884,-15.20671],[168.10884,-15.21107],[168.11169,-15.21745],[168.11384,-15.21803],[168.11585,-15.22383],[168.1146,-15.22531],[168.11741,-15.22853],[168.11561,-15.22972],[168.11725,-15.23158],[168.11509,-15.2324],[168.11691,-15.23404],[168.11648,-15.23598],[168.11376,-15.2368],[168.11856,-15.24285],[168.11543,-15.26123],[168.11792,-15.26408],[168.11157,-15.27825],[168.11329,-15.28437],[168.11182,-15.28528],[168.11416,-15.28876],[168.11261,-15.29215],[168.11431,-15.30313],[168.11604,-15.30422],[168.11994,-15.31447],[168.11889,-15.31892],[168.12044,-15.32124],[168.11882,-15.32425],[168.11858,-15.33117],[168.12004,-15.33429],[168.12726,-15.3413],[168.12612,-15.34666],[168.13177,-15.35523],[168.13549,-15.37511],[168.13441,-15.37695],[168.13532,-15.37787],[168.13323,-15.3794],[168.12911,-15.37759],[168.12493,-15.38086],[168.13573,-15.38684],[168.14441,-15.38599],[168.14446,-15.38882],[168.14641,-15.39122],[168.15056,-15.39282],[168.15285,-15.39184],[168.1539,-15.39409],[168.15623,-15.39217],[168.15868,-15.39286],[168.1616,-15.38974],[168.16484,-15.39123],[168.16726,-15.3889],[168.17031,-15.38947],[168.17207,-15.38773],[168.172,-15.38264],[168.17466,-15.38073],[168.17231,-15.37712],[168.17325,-15.36783],[168.1798,-15.3644],[168.18047,-15.36139],[168.18267,-15.36222],[168.18182,-15.35862],[168.18352,-15.3582],[168.18197,-15.35782],[168.18287,-15.35427],[168.18061,-15.34985],[168.18348,-15.34469],[168.17892,-15.34225],[168.17867,-15.34004],[168.175,-15.34033],[168.17442,-15.3336],[168.17671,-15.33333],[168.17975,-15.33034],[168.17919,-15.32313],[168.18232,-15.32302],[168.18468,-15.3186],[168.18405,-15.3175],[168.18688,-15.31832],[168.18698,-15.31648],[168.18289,-15.31354],[168.18366,-15.30872],[168.18212,-15.30955],[168.18137,-15.30708],[168.17087,-15.30719],[168.16836,-15.29986],[168.16573,-15.29843],[168.16597,-15.2961],[168.1689,-15.29339],[168.17412,-15.29352],[168.17604,-15.29201],[168.17541,-15.28961],[168.17183,-15.28765],[168.17016,-15.28179],[168.16779,-15.28054],[168.16699,-15.27795],[168.16863,-15.27523],[168.17292,-15.27477],[168.17743,-15.27201],[168.17364,-15.2706],[168.17558,-15.26619],[168.1736,-15.26502],[168.17406,-15.26299],[168.16822,-15.25879],[168.17246,-15.25586],[168.17193,-15.25405],[168.16936,-15.25297],[168.16949,-15.25004],[168.17392,-15.24549],[168.17603,-15.24521],[168.17566,-15.23954],[168.17403,-15.23786],[168.17584,-15.23133],[168.17863,-15.23055],[168.17676,-15.22513],[168.17681,-15.22245],[168.17846,-15.22194],[168.17547,-15.22096],[168.17615,-15.21769],[168.17392,-15.2163],[168.17601,-15.21008],[168.16631,-15.19556],[168.17186,-15.18559],[168.17042,-15.1795],[168.16713,-15.17623],[168.15994,-15.17344],[168.15832,-15.17082],[168.15192,-15.16872],[168.15022,-15.16621],[168.15087,-15.15945],[168.14819,-15.15635],[168.14946,-15.1484],[168.14584,-15.14231],[168.14663,-15.13966],[168.14438,-15.13601],[168.14475,-15.13185],[168.14257,-15.12963],[168.14267,-15.12461],[168.13603,-15.12612],[168.10581,-15.12494],[168.09052,-15.12818]]]},"properties":{"ADM1_EN":"PENAMA","ADM2_EN":"South Maewo"}},
{"type":"Feature","geometry":{"type":"MultiPolygon","coordinates":[[[[167.69775,-16.54403],[167.69801,-16.54182],[167.69671,-16.54138],[167.69627,-16.54317],[167.69775,-16.54403]]],[[[167.7734,-16.53225],[167.77108,-16.5376],[167.77243,-16.54119],[167.77701,-16.53583],[167.7734,-16.53225]]],[[[167.6305,-16.49957],[167.63241,-16.50285],[167.63863,-16.50361],[167.64137,-16.50001],[167.6422,-16.50225],[167.64585,-16.50351],[167.65677,-16.50114],[167.66258,-16.49801],[167.66739,-16.50027],[167.67028,-16.50397],[167.679,-16.50287],[167.68149,-16.50518],[167.68514,-16.50451],[167.69802,-16.51167],[167.70781,-16.51098],[167.71044,-16.51517],[167.71537,-16.51345],[167.72058,-16.51394],[167.72372,-16.51863],[167.72259,-16.52396],[167.72818,-16.52703],[167.73713,-16.53527],[167.73855,-16.54182],[167.74392,-16.54378],[167.7476,-16.54721],[167.75776,-16.54448],[167.76606,-16.54752],[167.76766,-16.54642],[167.76911,-16.54042],[167.76635,-16.53218],[167.76644,-16.53005],[167.76851,-16.52831],[167.76738,-16.52418],[167.77045,-16.52062],[167.76988,-16.51904],[167.77254,-16.51772],[167.77254,-16.51328],[167.7747,-16.51321],[167.77785,-16.50913],[167.78727,-16.50583],[167.78833,-16.49999],[167.79139,-16.49769],[167.78998,-16.49136],[167.78724,-16.48923],[167.78741,-16.48774],[167.79139,-16.48728],[167.79284,-16.48454],[167.79622,-16.48389],[167.79832,-16.48018],[167.80303,-16.48695],[167.80907,-16.48368],[167.81043,-16.48492],[167.81361,-16.48447],[167.8136,-16.47525],[167.81561,-16.47052],[167.81317,-16.4692],[167.81096,-16.47075],[167.80884,-16.46719],[167.81463,-16.46561],[167.8184,-16.46778],[167.82042,-16.47143],[167.8251,-16.47523],[167.83009,-16.47163],[167.83255,-16.47172],[167.83522,-16.46841],[167.83535,-16.46287],[167.83139,-16.45021],[167.82866,-16.44603],[167.82605,-16.44667],[167.82527,-16.44469],[167.82652,-16.44242],[167.82393,-16.44259],[167.82613,-16.44075],[167.81981,-16.42888],[167.81609,-16.42573],[167.81529,-16.42702],[167.81326,-16.42586],[167.80931,-16.42058],[167.80679,-16.41981],[167.80389,-16.42161],[167.79935,-16.42909],[167.78279,-16.43722],[167.78635,-16.44014],[167.78444,-16.44442],[167.78493,-16.44703],[167.7801,-16.45598],[167.77764,-16.45742],[167.77951,-16.45793],[167.78396,-16.47107],[167.78241,-16.47606],[167.77601,-16.47817],[167.77753,-16.47604],[167.77381,-16.47917],[167.77318,-16.48338],[167.77353,-16.47927],[167.77721,-16.47549],[167.77904,-16.46964],[167.77601,-16.46359],[167.77364,-16.46981],[167.77203,-16.4699],[167.77028,-16.46475],[167.77101,-16.45928],[167.76755,-16.45623],[167.76625,-16.45247],[167.77332,-16.44401],[167.77466,-16.43434],[167.77726,-16.43269],[167.77844,-16.42645],[167.78173,-16.42424],[167.78596,-16.42527],[167.79017,-16.41993],[167.78727,-16.41825],[167.7842,-16.41955],[167.7781,-16.42589],[167.77577,-16.42579],[167.77488,-16.42906],[167.77008,-16.4315],[167.76012,-16.42873],[167.76161,-16.42539],[167.75994,-16.42279],[167.75456,-16.42489],[167.75304,-16.42839],[167.74492,-16.42937],[167.74472,-16.4232],[167.73772,-16.41946],[167.73784,-16.41807],[167.73422,-16.41543],[167.7394,-16.40762],[167.73464,-16.40311],[167.73306,-16.40672],[167.73132,-16.40557],[167.72963,-16.40684],[167.72728,-16.40255],[167.72446,-16.40352],[167.72017,-16.40188],[167.71293,-16.40213],[167.71107,-16.39733],[167.69212,-16.39536],[167.64607,-16.39592],[167.63067,-16.39837],[167.62805,-16.40339],[167.62986,-16.40473],[167.62945,-16.40727],[167.62571,-16.40927],[167.6302,-16.40951],[167.63273,-16.41287],[167.63465,-16.42032],[167.63389,-16.42622],[167.62879,-16.4316],[167.63005,-16.437],[167.63282,-16.43943],[167.6318,-16.44103],[167.63651,-16.44847],[167.63522,-16.44942],[167.6359,-16.45199],[167.63329,-16.45922],[167.63057,-16.46174],[167.62876,-16.46778],[167.62531,-16.47228],[167.62576,-16.47632],[167.6274,-16.47732],[167.62849,-16.47605],[167.63136,-16.47834],[167.63194,-16.48301],[167.62822,-16.48877],[167.63024,-16.49282],[167.62803,-16.49532],[167.6305,-16.49957]]],[[[167.77306,-16.52542],[167.7831,-16.52176],[167.78495,-16.52027],[167.78435,-16.51872],[167.78105,-16.51641],[167.7731,-16.51822],[167.77306,-16.52542]]],[[[167.7207,-16.51925],[167.72113,-16.51618],[167.71857,-16.5153],[167.71375,-16.51968],[167.71582,-16.52252],[167.7174,-16.52172],[167.71756,-16.51935],[167.7207,-16.51925]]],[[[167.65621,-16.51628],[167.65214,-16.51441],[167.64707,-16.5178],[167.65378,-16.52229],[167.65679,-16.52027],[167.65621,-16.51628]]],[[[167.78976,-16.55166],[167.78872,-16.54741],[167.7903,-16.54401],[167.78924,-16.54293],[167.78551,-16.54311],[167.78338,-16.54716],[167.78008,-16.54943],[167.7811,-16.55359],[167.78728,-16.55425],[167.79011,-16.55268],[167.78976,-16.55166]]],[[[167.84874,-16.53299],[167.8469,-16.53487],[167.84346,-16.53516],[167.84288,-16.53761],[167.84565,-16.53929],[167.84827,-16.53852],[167.84874,-16.53299]]],[[[167.83454,-16.53074],[167.83964,-16.52456],[167.83601,-16.52369],[167.83369,-16.51943],[167.82747,-16.51542],[167.8248,-16.51913],[167.82349,-16.52754],[167.82451,-16.52858],[167.82791,-16.52648],[167.82934,-16.52962],[167.82985,-16.5287],[167.83231,-16.53075],[167.83092,-16.53585],[167.8336,-16.53323],[167.83416,-16.53669],[167.83711,-16.53392],[167.83454,-16.53074]]],[[[167.84093,-16.52739],[167.84009,-16.52896],[167.84126,-16.53009],[167.84375,-16.52959],[167.84697,-16.53254],[167.84948,-16.53287],[167.84577,-16.52651],[167.84093,-16.52739]]],[[[167.78608,-16.51827],[167.78573,-16.52057],[167.78744,-16.52096],[167.78961,-16.51824],[167.78844,-16.51624],[167.78608,-16.51827]]],[[[167.82843,-16.5017],[167.83467,-16.49841],[167.83782,-16.49416],[167.83624,-16.49272],[167.83441,-16.4931],[167.83585,-16.49038],[167.83321,-16.4879],[167.83626,-16.49009],[167.83727,-16.49275],[167.83835,-16.49283],[167.83665,-16.48936],[167.8323,-16.48683],[167.82906,-16.48639],[167.82832,-16.48785],[167.8249,-16.4881],[167.81506,-16.49553],[167.80663,-16.49751],[167.80587,-16.50361],[167.8067,-16.50521],[167.81165,-16.50668],[167.81737,-16.50423],[167.82342,-16.50485],[167.82843,-16.5017]]]]},"properties":{"ADM1_EN":"MALAMPA","ADM2_EN":"South Malekula"}},
{"type":"Feature","geometry":{"type":"Polygon","coordinates":[[[168.1564,-15.77537],[168.16229,-15.78261],[168.16284,-15.79261],[168.16747,-15.79885],[168.16869,-15.80316],[168.16802,-15.81993],[168.16595,-15.83148],[168.16733,-15.84666],[168.16568,-15.85012],[168.16732,-15.85399],[168.16705,-15.85821],[168.17087,-15.86621],[168.17337,-15.88259],[168.17917,-15.88811],[168.1816,-15.9004],[168.18906,-15.91147],[168.18863,-15.92319],[168.18462,-15.93798],[168.19196,-15.94708],[168.194,-15.95336],[168.19216,-15.96213],[168.18771,-15.97225],[168.18478,-15.97545],[168.1837,-15.9818],[168.18701,-15.9833],[168.18957,-15.99075],[168.19446,-15.99285],[168.20203,-15.99964],[168.20862,-16.00769],[168.2122,-16.01565],[168.21373,-16.0108],[168.21312,-16.00678],[168.2176,-16.00024],[168.22082,-16.00221],[168.22278,-16.00136],[168.22642,-16.00284],[168.22826,-16.01173],[168.23224,-16.00824],[168.24495,-16.00617],[168.2493,-15.99529],[168.2525,-15.99617],[168.25576,-15.99377],[168.25518,-15.98829],[168.25732,-15.98345],[168.26217,-15.98005],[168.26632,-15.9747],[168.275,-15.9719],[168.27246,-15.96757],[168.27378,-15.96669],[168.27212,-15.96575],[168.27364,-15.9611],[168.27008,-15.95688],[168.27095,-15.95445],[168.26952,-15.95102],[168.27065,-15.9496],[168.26829,-15.94754],[168.26904,-15.94382],[168.26064,-15.93167],[168.2628,-15.93206],[168.2687,-15.92912],[168.27542,-15.93127],[168.277,-15.93044],[168.27745,-15.92727],[168.28073,-15.9263],[168.2804,-15.92365],[168.28287,-15.92221],[168.27655,-15.91946],[168.27289,-15.91973],[168.26989,-15.91793],[168.2693,-15.91598],[168.26914,-15.91042],[168.27217,-15.90283],[168.27093,-15.89902],[168.27601,-15.89673],[168.27319,-15.89432],[168.27397,-15.89113],[168.26929,-15.8844],[168.27147,-15.87976],[168.27049,-15.86946],[168.26887,-15.86631],[168.26899,-15.85597],[168.26817,-15.85297],[168.26615,-15.85168],[168.26663,-15.84967],[168.26557,-15.84925],[168.26477,-15.84898],[168.26428,-15.84885],[168.26363,-15.84871],[168.26234,-15.84818],[168.26214,-15.8482],[168.26168,-15.84825],[168.26154,-15.84839],[168.2607,-15.84933],[168.26016,-15.8497],[168.25914,-15.85012],[168.25804,-15.85034],[168.25761,-15.85053],[168.25697,-15.85118],[168.25687,-15.85129],[168.25686,-15.85131],[168.25663,-15.85183],[168.25645,-15.85211],[168.2564,-15.85216],[168.25621,-15.85242],[168.25615,-15.85251],[168.25592,-15.85299],[168.25575,-15.85346],[168.25505,-15.85391],[168.25501,-15.85409],[168.25498,-15.85423],[168.25503,-15.85463],[168.25521,-15.85565],[168.25521,-15.85607],[168.25501,-15.85613],[168.25463,-15.85602],[168.25363,-15.85594],[168.25323,-15.85602],[168.25286,-15.85601],[168.25262,-15.85596],[168.25205,-15.8555],[168.25129,-15.8551],[168.25112,-15.85515],[168.25097,-15.85528],[168.25087,-15.85536],[168.25071,-15.85547],[168.2492,-15.85569],[168.2479,-15.85588],[168.24774,-15.85582],[168.2476,-15.85584],[168.24725,-15.85589],[168.24612,-15.85552],[168.24592,-15.85553],[168.24587,-15.85553],[168.24559,-15.85558],[168.24544,-15.8556],[168.24447,-15.85589],[168.24433,-15.85596],[168.24425,-15.85599],[168.24394,-15.85617],[168.24387,-15.85619],[168.24358,-15.85629],[168.24261,-15.85639],[168.2426,-15.85638],[168.24142,-15.85608],[168.24115,-15.85603],[168.24056,-15.85605],[168.24036,-15.85617],[168.23903,-15.85698],[168.23875,-15.85738],[168.23872,-15.85779],[168.2387,-15.85797],[168.23867,-15.85829],[168.23865,-15.85882],[168.23859,-15.8591],[168.23861,-15.85998],[168.23866,-15.86048],[168.23868,-15.86063],[168.239,-15.86116],[168.23865,-15.86178],[168.23879,-15.8645],[168.23894,-15.86577],[168.24084,-15.86846],[168.24103,-15.86873],[168.24106,-15.86877],[168.23916,-15.87022],[168.23874,-15.87045],[168.23768,-15.8709],[168.23721,-15.87114],[168.23718,-15.87116],[168.23678,-15.87135],[168.23655,-15.87137],[168.23638,-15.87134],[168.23621,-15.87139],[168.23601,-15.87143],[168.23592,-15.87144],[168.23586,-15.87143],[168.23555,-15.87156],[168.23553,-15.8719],[168.23553,-15.87195],[168.23561,-15.8721],[168.23605,-15.87364],[168.23607,-15.87368],[168.23608,-15.87393],[168.23572,-15.87407],[168.23553,-15.87406],[168.23528,-15.87388],[168.23515,-15.87384],[168.23487,-15.87364],[168.23463,-15.87334],[168.2345,-15.87312],[168.23432,-15.87291],[168.23423,-15.87285],[168.23408,-15.87263],[168.23393,-15.8725],[168.2338,-15.87239],[168.23371,-15.87231],[168.23361,-15.87214],[168.23373,-15.87182],[168.23379,-15.87155],[168.23374,-15.87144],[168.23379,-15.87114],[168.23379,-15.87111],[168.2338,-15.87091],[168.23381,-15.87072],[168.23374,-15.87049],[168.23363,-15.87002],[168.23362,-15.86996],[168.23362,-15.86986],[168.23353,-15.86911],[168.23338,-15.86908],[168.23158,-15.86918],[168.23099,-15.86918],[168.22999,-15.86783],[168.23036,-15.86535],[168.22731,-15.86244],[168.22485,-15.8539],[168.22652,-15.85207],[168.22597,-15.84916],[168.21901,-15.84788],[168.21512,-15.84468],[168.21893,-15.84033],[168.21858,-15.83791],[168.20902,-15.82844],[168.2094,-15.82201],[168.20646,-15.81874],[168.20647,-15.81664],[168.20447,-15.81614],[168.20928,-15.80917],[168.2116,-15.81072],[168.21145,-15.81403],[168.21554,-15.81497],[168.21452,-15.81302],[168.21607,-15.81174],[168.21605,-15.80792],[168.21415,-15.80595],[168.21766,-15.79575],[168.21605,-15.78518],[168.21394,-15.78204],[168.20954,-15.78376],[168.20684,-15.7793],[168.20716,-15.77458],[168.2035,-15.76928],[168.20305,-15.76597],[168.20051,-15.76509],[168.19764,-15.75765],[168.19319,-15.75762],[168.19206,-15.76396],[168.18664,-15.76567],[168.17959,-15.75957],[168.17512,-15.76011],[168.17374,-15.75822],[168.17083,-15.75812],[168.17008,-15.76134],[168.17004,-15.76143],[168.16997,-15.76163],[168.16904,-15.76224],[168.16831,-15.76319],[168.1682,-15.76321],[168.16731,-15.76352],[168.16696,-15.76406],[168.16605,-15.76581],[168.16604,-15.76586],[168.16592,-15.76622],[168.1655,-15.767],[168.16536,-15.76708],[168.16456,-15.76742],[168.16442,-15.76747],[168.16434,-15.76753],[168.16331,-15.76827],[168.16173,-15.76892],[168.15996,-15.77004],[168.15871,-15.77332],[168.15862,-15.77357],[168.15858,-15.77367],[168.15851,-15.77384],[168.15841,-15.77397],[168.15739,-15.77429],[168.15666,-15.77508],[168.15664,-15.7751],[168.1564,-15.77537]]]},"properties":{"ADM1_EN":"PENAMA","ADM2_EN":"South Pentecost"}},
{"type":"Feature","geometry":{"type":"Polygon","coordinates":[[[168.13715,-16.25817],[168.14061,-16.27558],[168.14157,-16.32619],[168.13781,-16.33278],[168.13687,-16.34654],[168.13869,-16.3735],[168.15055,-16.36731],[168.15918,-16.36027],[168.16674,-16.35993],[168.17009,-16.36136],[168.17403,-16.35971],[168.17692,-16.36108],[168.18338,-16.35966],[168.18868,-16.36283],[168.19681,-16.3551],[168.20865,-16.35103],[168.21756,-16.35186],[168.21989,-16.35459],[168.22511,-16.35681],[168.23359,-16.35807],[168.23823,-16.35696],[168.24279,-16.35867],[168.24269,-16.36008],[168.24744,-16.35776],[168.26355,-16.3565],[168.2702,-16.35427],[168.27415,-16.35501],[168.27523,-16.35367],[168.28556,-16.351],[168.29221,-16.34393],[168.29619,-16.34388],[168.29867,-16.34056],[168.30291,-16.33815],[168.30415,-16.33209],[168.30971,-16.33046],[168.31025,-16.32213],[168.31423,-16.31657],[168.31319,-16.31111],[168.31444,-16.309],[168.30965,-16.30222],[168.30768,-16.29154],[168.30399,-16.28679],[168.29181,-16.2802],[168.28752,-16.27301],[168.28005,-16.27165],[168.27351,-16.26473],[168.26743,-16.26131],[168.26202,-16.26042],[168.2504,-16.25225],[168.2459,-16.25085],[168.24279,-16.24758],[168.24077,-16.24794],[168.23962,-16.24646],[168.23268,-16.24708],[168.22565,-16.24486],[168.22233,-16.24163],[168.22082,-16.23693],[168.21711,-16.23375],[168.21976,-16.23139],[168.19637,-16.23359],[168.14968,-16.25064],[168.13715,-16.25817]]]},"properties":{"ADM1_EN":"MALAMPA","ADM2_EN":"South East Ambrym"}},
{"type":"Feature","geometry":{"type":"Polygon","coordinates":[[[167.52209,-16.25496],[167.53215,-16.26544],[167.54097,-16.26585],[167.54516,-16.26789],[167.54877,-16.27099],[167.55057,-16.27513],[167.55233,-16.27482],[167.55557,-16.27822],[167.5594,-16.27925],[167.55773,-16.28428],[167.55278,-16.28692],[167.5473,-16.28774],[167.54614,-16.28946],[167.56175,-16.30526],[167.56309,-16.30962],[167.56586,-16.30906],[167.56861,-16.31034],[167.57702,-16.31775],[167.58481,-16.317],[167.59529,-16.32045],[167.59978,-16.32016],[167.60427,-16.31715],[167.60911,-16.31852],[167.60893,-16.32273],[167.61575,-16.32292],[167.61678,-16.33124],[167.62201,-16.33546],[167.62451,-16.34003],[167.62524,-16.34687],[167.62847,-16.34898],[167.6297,-16.35179],[167.62931,-16.36122],[167.63295,-16.38727],[167.63067,-16.39837],[167.64607,-16.39592],[167.69212,-16.39536],[167.71107,-16.39733],[167.71293,-16.40213],[167.72017,-16.40188],[167.72446,-16.40352],[167.72728,-16.40255],[167.72963,-16.40684],[167.73132,-16.40557],[167.73306,-16.40672],[167.73464,-16.40311],[167.7394,-16.40762],[167.73422,-16.41543],[167.73784,-16.41807],[167.73772,-16.41946],[167.74472,-16.4232],[167.74492,-16.42937],[167.75304,-16.42839],[167.75456,-16.42489],[167.75994,-16.42279],[167.76161,-16.42539],[167.76012,-16.42873],[167.77008,-16.4315],[167.77488,-16.42906],[167.77577,-16.42579],[167.7781,-16.42589],[167.7842,-16.41955],[167.78727,-16.41825],[167.79017,-16.41993],[167.79242,-16.41697],[167.7919,-16.41457],[167.78931,-16.41236],[167.78524,-16.41279],[167.78304,-16.41095],[167.78252,-16.40768],[167.78283,-16.40387],[167.78904,-16.39782],[167.78942,-16.39428],[167.78457,-16.38986],[167.78209,-16.38524],[167.78027,-16.37284],[167.77638,-16.3713],[167.77812,-16.361],[167.7758,-16.35021],[167.76639,-16.33297],[167.7639,-16.33248],[167.7606,-16.33424],[167.75956,-16.34209],[167.75344,-16.34394],[167.74486,-16.34112],[167.73825,-16.3324],[167.7346,-16.3302],[167.72413,-16.32672],[167.72115,-16.32737],[167.71747,-16.32514],[167.71756,-16.32064],[167.70934,-16.30881],[167.70093,-16.31163],[167.6946,-16.31084],[167.68961,-16.29903],[167.68333,-16.29597],[167.67704,-16.29634],[167.67287,-16.28822],[167.67444,-16.28491],[167.68269,-16.28128],[167.69197,-16.26933],[167.69081,-16.27042],[167.68935,-16.26867],[167.67941,-16.26503],[167.66719,-16.26492],[167.66061,-16.27166],[167.65692,-16.27072],[167.65304,-16.27191],[167.64492,-16.2664],[167.63428,-16.26174],[167.62508,-16.2555],[167.61999,-16.24973],[167.61676,-16.23533],[167.61223,-16.229],[167.60487,-16.22726],[167.60466,-16.22471],[167.59625,-16.21836],[167.58935,-16.21892],[167.58449,-16.21733],[167.57438,-16.21697],[167.57056,-16.21196],[167.57153,-16.20665],[167.56844,-16.20379],[167.56477,-16.1968],[167.5618,-16.20388],[167.56208,-16.20774],[167.55984,-16.21131],[167.55981,-16.21753],[167.55806,-16.21988],[167.54964,-16.22049],[167.54566,-16.228],[167.54087,-16.23182],[167.53386,-16.2448],[167.52836,-16.25117],[167.52209,-16.25496]]]},"properties":{"ADM1_EN":"MALAMPA","ADM2_EN":"South East Malekula"}},
{"type":"Feature","geometry":{"type":"Polygon","coordinates":[[[167.87283,-15.36436],[167.84528,-15.36762],[167.83547,-15.36684],[167.83248,-15.36787],[167.83168,-15.37236],[167.82833,-15.37751],[167.81374,-15.39078],[167.79581,-15.39898],[167.80316,-15.40272],[167.81346,-15.4117],[167.81772,-15.41364],[167.80812,-15.41979],[167.79476,-15.42486],[167.76967,-15.4391],[167.75602,-15.44418],[167.75195,-15.44779],[167.75321,-15.4574],[167.7562,-15.46479],[167.76277,-15.46838],[167.76935,-15.46625],[167.77246,-15.4673],[167.77793,-15.46565],[167.78573,-15.46673],[167.78875,-15.46904],[167.79376,-15.46852],[167.79515,-15.46979],[167.81651,-15.46716],[167.8211,-15.47041],[167.82438,-15.47011],[167.8253,-15.47263],[167.82352,-15.47379],[167.82393,-15.4757],[167.8269,-15.47415],[167.83209,-15.47647],[167.83899,-15.47493],[167.84133,-15.47001],[167.8434,-15.46927],[167.84557,-15.4709],[167.8518,-15.47054],[167.85723,-15.46649],[167.86185,-15.45843],[167.86731,-15.45687],[167.87092,-15.4518],[167.87303,-15.45121],[167.87504,-15.44714],[167.88105,-15.44451],[167.88898,-15.43577],[167.89058,-15.43186],[167.89639,-15.42784],[167.89814,-15.42425],[167.90544,-15.421],[167.91297,-15.41075],[167.91883,-15.40808],[167.92182,-15.4027],[167.9292,-15.39711],[167.93507,-15.3855],[167.93691,-15.37299],[167.92765,-15.3704],[167.92286,-15.37141],[167.91215,-15.37037],[167.90113,-15.36758],[167.87283,-15.36436]]]},"properties":{"ADM1_EN":"PENAMA","ADM2_EN":"South Ambae"}},
{"type":"Feature","geometry":{"type":"MultiPolygon","coordinates":[[[[167.38547,-16.29514],[167.38672,-16.29753],[167.38525,-16.30091],[167.38283,-16.30124],[167.38011,-16.31068],[167.38474,-16.31688],[167.38244,-16.32027],[167.38486,-16.32373],[167.38511,-16.33067],[167.38362,-16.33567],[167.38029,-16.33956],[167.38028,-16.34299],[167.37569,-16.34904],[167.37796,-16.35018],[167.38136,-16.34779],[167.38595,-16.35101],[167.38759,-16.35539],[167.38707,-16.35991],[167.38919,-16.36337],[167.38518,-16.36826],[167.38768,-16.3679],[167.38926,-16.36922],[167.39063,-16.37446],[167.39652,-16.37351],[167.40391,-16.37871],[167.40616,-16.38967],[167.4045,-16.39654],[167.40679,-16.40789],[167.40487,-16.41165],[167.40758,-16.4157],[167.40607,-16.41847],[167.40085,-16.42031],[167.39994,-16.42233],[167.40612,-16.42559],[167.41302,-16.43297],[167.4199,-16.43734],[167.42161,-16.44345],[167.4259,-16.44557],[167.42913,-16.45013],[167.43157,-16.45013],[167.4356,-16.4532],[167.43969,-16.45773],[167.44064,-16.46689],[167.44324,-16.46982],[167.44281,-16.47309],[167.44538,-16.47627],[167.44876,-16.47643],[167.44549,-16.47634],[167.44278,-16.48948],[167.43504,-16.49804],[167.43862,-16.49859],[167.44255,-16.49474],[167.44599,-16.49386],[167.44568,-16.50124],[167.44898,-16.5007],[167.44935,-16.50839],[167.45504,-16.5093],[167.45381,-16.51146],[167.44887,-16.51007],[167.44564,-16.51089],[167.43897,-16.50699],[167.43916,-16.50342],[167.43623,-16.50318],[167.43608,-16.50174],[167.43912,-16.50175],[167.43858,-16.49961],[167.43623,-16.49977],[167.4339,-16.49769],[167.42843,-16.4986],[167.4219,-16.49257],[167.4192,-16.49297],[167.41786,-16.49453],[167.4175,-16.50072],[167.42046,-16.50584],[167.41746,-16.51373],[167.41941,-16.52117],[167.42174,-16.52858],[167.43046,-16.53765],[167.43487,-16.53708],[167.43587,-16.53904],[167.44282,-16.54273],[167.44557,-16.54702],[167.45164,-16.55209],[167.45214,-16.5542],[167.45702,-16.55813],[167.45984,-16.55628],[167.46235,-16.55788],[167.46185,-16.56151],[167.45903,-16.56096],[167.45857,-16.56234],[167.46106,-16.56865],[167.4642,-16.57005],[167.46508,-16.56859],[167.46727,-16.56864],[167.47189,-16.57054],[167.48491,-16.56744],[167.49074,-16.57027],[167.49119,-16.56933],[167.49176,-16.57182],[167.48929,-16.57546],[167.4932,-16.57497],[167.49517,-16.57859],[167.49185,-16.58216],[167.49051,-16.58645],[167.49581,-16.58996],[167.50183,-16.58716],[167.50342,-16.57711],[167.50107,-16.57247],[167.50645,-16.56807],[167.51237,-16.5678],[167.515,-16.56928],[167.51483,-16.57529],[167.51812,-16.57537],[167.51925,-16.5828],[167.52345,-16.58426],[167.52596,-16.582],[167.53163,-16.58193],[167.53426,-16.58],[167.53574,-16.57594],[167.53105,-16.56975],[167.53302,-16.56834],[167.53484,-16.5709],[167.53751,-16.57106],[167.54,-16.56848],[167.54099,-16.56078],[167.53937,-16.55686],[167.54281,-16.55177],[167.54041,-16.5491],[167.54322,-16.54562],[167.5505,-16.54338],[167.55693,-16.54329],[167.56164,-16.54484],[167.56464,-16.54884],[167.56172,-16.55192],[167.56141,-16.55477],[167.56495,-16.55676],[167.57134,-16.55502],[167.5859,-16.54606],[167.5877,-16.53455],[167.58192,-16.53248],[167.57683,-16.52736],[167.57389,-16.52623],[167.57366,-16.52305],[167.57635,-16.51688],[167.58043,-16.51241],[167.58632,-16.51027],[167.59053,-16.5105],[167.5911,-16.50801],[167.59354,-16.50728],[167.59468,-16.50107],[167.5893,-16.49937],[167.59061,-16.49862],[167.59474,-16.50001],[167.59499,-16.49327],[167.59818,-16.48974],[167.60555,-16.48741],[167.6075,-16.49164],[167.61238,-16.4963],[167.61703,-16.49739],[167.62459,-16.50364],[167.62794,-16.50282],[167.6305,-16.49957],[167.62803,-16.49532],[167.63024,-16.49282],[167.62822,-16.48877],[167.63194,-16.48301],[167.63136,-16.47834],[167.62849,-16.47605],[167.6274,-16.47732],[167.62576,-16.47632],[167.62531,-16.47228],[167.62876,-16.46778],[167.63057,-16.46174],[167.63329,-16.45922],[167.6359,-16.45199],[167.63522,-16.44942],[167.63651,-16.44847],[167.6318,-16.44103],[167.63282,-16.43943],[167.63005,-16.437],[167.62879,-16.4316],[167.63389,-16.42622],[167.63465,-16.42032],[167.63273,-16.41287],[167.6302,-16.40951],[167.62571,-16.40927],[167.62945,-16.40727],[167.62986,-16.40473],[167.62805,-16.40339],[167.63067,-16.39837],[167.63295,-16.38727],[167.62931,-16.36122],[167.6297,-16.35179],[167.62847,-16.34898],[167.62524,-16.34687],[167.62451,-16.34003],[167.62201,-16.33546],[167.61678,-16.33124],[167.61575,-16.32292],[167.60893,-16.32273],[167.60911,-16.31852],[167.60427,-16.31715],[167.59978,-16.32016],[167.59529,-16.32045],[167.58481,-16.317],[167.57702,-16.31775],[167.56861,-16.31034],[167.56586,-16.30906],[167.56309,-16.30962],[167.56175,-16.30526],[167.54614,-16.28946],[167.5473,-16.28774],[167.55278,-16.28692],[167.55773,-16.28428],[167.5594,-16.27925],[167.55557,-16.27822],[167.55233,-16.27482],[167.55057,-16.27513],[167.54877,-16.27099],[167.54516,-16.26789],[167.54097,-16.26585],[167.53215,-16.26544],[167.52209,-16.25496],[167.51406,-16.25549],[167.49867,-16.26057],[167.49336,-16.25498],[167.4908,-16.25783],[167.489,-16.25667],[167.48547,-16.25771],[167.48442,-16.25647],[167.47657,-16.25917],[167.47446,-16.2587],[167.47193,-16.26137],[167.46983,-16.26133],[167.46922,-16.26439],[167.46479,-16.2706],[167.4652,-16.27428],[167.46007,-16.28035],[167.46012,-16.28857],[167.45292,-16.29489],[167.44713,-16.29519],[167.4443,-16.29768],[167.44361,-16.3027],[167.4384,-16.30579],[167.4388,-16.31071],[167.44106,-16.31031],[167.44149,-16.31216],[167.44047,-16.31709],[167.4365,-16.31287],[167.42836,-16.30847],[167.42818,-16.30073],[167.4232,-16.30073],[167.42057,-16.29745],[167.40958,-16.29816],[167.40159,-16.29582],[167.3958,-16.29678],[167.39123,-16.29477],[167.38547,-16.29514]]],[[[167.46624,-16.58966],[167.48079,-16.60216],[167.48483,-16.60093],[167.48169,-16.59312],[167.48192,-16.58907],[167.47672,-16.58334],[167.47322,-16.58127],[167.46915,-16.58202],[167.46467,-16.58752],[167.46624,-16.58966]]]]},"properties":{"ADM1_EN":"MALAMPA","ADM2_EN":"South West Malekula"}},
{"type":"Feature","geometry":{"type":"Polygon","coordinates":[[[168.30529,-17.69117],[168.30505,-17.69042],[168.30423,-17.69131],[168.30425,-17.6921],[168.29771,-17.69326],[168.29781,-17.69126],[168.28283,-17.68041],[168.28033,-17.68377],[168.27695,-17.68478],[168.27705,-17.68696],[168.27488,-17.68716],[168.27424,-17.69073],[168.27345,-17.69222],[168.27072,-17.69394],[168.28333,-17.70077],[168.29611,-17.71475],[168.29249,-17.73038],[168.29283,-17.73291],[168.29614,-17.73588],[168.30722,-17.72781],[168.30203,-17.72572],[168.29953,-17.72614],[168.30402,-17.72283],[168.30717,-17.72433],[168.30888,-17.72163],[168.31122,-17.70959],[168.30711,-17.70796],[168.30568,-17.70587],[168.30645,-17.70404],[168.31166,-17.70566],[168.31507,-17.70472],[168.31731,-17.69952],[168.30672,-17.69418],[168.30666,-17.69153],[168.3066,-17.69149],[168.30657,-17.69146],[168.30606,-17.69145],[168.30529,-17.69117]]]},"properties":{"ADM1_EN":"SHEFA","ADM2_EN":"Tanvasoko"}},
{"type":"Feature","geometry":{"type":"MultiPolygon","coordinates":[[[[168.58726,-17.0288],[168.59407,-17.0227],[168.58959,-17.01606],[168.5824,-17.02033],[168.57995,-17.02404],[168.58176,-17.02809],[168.58726,-17.0288]]],[[[168.61993,-17.02173],[168.61839,-17.02339],[168.62095,-17.021],[168.61993,-17.02173]]],[[[168.62618,-17.01069],[168.63678,-17.00884],[168.64074,-17.00626],[168.6469,-17.00627],[168.64825,-17.00751],[168.64953,-17.00528],[168.64625,-17.00229],[168.64587,-16.99731],[168.64395,-16.99827],[168.63823,-16.99557],[168.62225,-16.99517],[168.61854,-16.9978],[168.61547,-17.00469],[168.61053,-17.0098],[168.61169,-17.01395],[168.61567,-17.01754],[168.61833,-17.01523],[168.62174,-17.01512],[168.62249,-17.01109],[168.62618,-17.01069]]]]},"properties":{"ADM1_EN":"SHEFA","ADM2_EN":"Tongariki/Buninga"}},
{"type":"Feature","geometry":{"type":"MultiPolygon","coordinates":[[[[166.67246,-13.41585],[166.68153,-13.42685],[166.68213,-13.43509],[166.68642,-13.44306],[166.6921,-13.44719],[166.702,-13.44545],[166.70498,-13.44105],[166.70501,-13.4305],[166.71265,-13.42204],[166.71483,-13.41563],[166.71136,-13.4073],[166.71185,-13.40373],[166.70841,-13.3979],[166.69389,-13.39214],[166.68343,-13.39822],[166.67539,-13.4009],[166.67104,-13.40524],[166.67338,-13.41282],[166.67246,-13.41585]]],[[[166.64567,-13.36037],[166.64432,-13.36133],[166.64543,-13.36293],[166.64373,-13.36364],[166.64453,-13.36706],[166.64336,-13.36893],[166.64483,-13.37182],[166.65186,-13.37586],[166.65876,-13.36845],[166.66159,-13.35889],[166.66121,-13.35534],[166.65623,-13.34552],[166.64551,-13.34005],[166.63855,-13.33882],[166.63509,-13.33509],[166.63613,-13.33229],[166.62952,-13.33015],[166.62729,-13.33085],[166.62864,-13.33195],[166.62343,-13.33031],[166.61791,-13.3313],[166.61783,-13.33414],[166.62124,-13.33595],[166.61938,-13.33872],[166.62138,-13.3397],[166.61945,-13.34106],[166.62287,-13.34573],[166.63072,-13.34841],[166.6402,-13.34958],[166.64082,-13.35313],[166.6434,-13.35499],[166.64212,-13.35753],[166.64534,-13.35861],[166.64567,-13.36037]]],[[[166.62854,-13.32194],[166.62207,-13.32443],[166.62089,-13.3278],[166.62193,-13.32912],[166.6269,-13.33098],[166.62946,-13.32953],[166.63607,-13.33023],[166.6379,-13.33215],[166.64265,-13.32985],[166.6457,-13.3322],[166.64716,-13.33037],[166.64685,-13.32597],[166.6423,-13.32289],[166.63828,-13.32245],[166.63724,-13.32498],[166.63176,-13.31955],[166.62952,-13.31973],[166.62854,-13.32194]]],[[[166.60075,-13.2454],[166.59437,-13.24861],[166.59267,-13.25361],[166.59936,-13.25957],[166.60729,-13.26328],[166.61625,-13.27551],[166.61901,-13.27531],[166.62698,-13.26974],[166.64695,-13.2649],[166.6498,-13.26066],[166.64733,-13.24645],[166.64919,-13.24412],[166.6516,-13.24467],[166.6605,-13.25519],[166.66228,-13.2561],[166.66309,-13.25517],[166.66154,-13.23933],[166.65477,-13.23009],[166.65665,-13.22355],[166.6532,-13.22047],[166.64603,-13.21857],[166.64249,-13.21958],[166.64171,-13.22506],[166.63973,-13.22727],[166.63454,-13.22233],[166.62283,-13.22406],[166.61308,-13.22123],[166.60568,-13.21633],[166.6005,-13.22278],[166.6008,-13.22715],[166.59616,-13.22997],[166.59203,-13.23],[166.59021,-13.23502],[166.59298,-13.23973],[166.60007,-13.24195],[166.60075,-13.2454]]],[[[166.6082,-13.21118],[166.61089,-13.20987],[166.61166,-13.20607],[166.6078,-13.19936],[166.60435,-13.1979],[166.594,-13.20147],[166.58942,-13.20979],[166.59009,-13.21115],[166.59798,-13.21327],[166.6082,-13.21118]]],[[[166.58572,-13.13363],[166.58677,-13.12835],[166.589,-13.12834],[166.59238,-13.13132],[166.59539,-13.12498],[166.59197,-13.12363],[166.58961,-13.12519],[166.58906,-13.12408],[166.5884,-13.1266],[166.58543,-13.12753],[166.58747,-13.12041],[166.58571,-13.11449],[166.58367,-13.11326],[166.58596,-13.10968],[166.58435,-13.09785],[166.58516,-13.09302],[166.58179,-13.09019],[166.57546,-13.08052],[166.56328,-13.07561],[166.54625,-13.07187],[166.54518,-13.07603],[166.54569,-13.07761],[166.54803,-13.07748],[166.54573,-13.07847],[166.54787,-13.08031],[166.54701,-13.08122],[166.54506,-13.07978],[166.5462,-13.08472],[166.54804,-13.08405],[166.54737,-13.08821],[166.55025,-13.08614],[166.54899,-13.08167],[166.54998,-13.08137],[166.55135,-13.0866],[166.54856,-13.0886],[166.54922,-13.09196],[166.55722,-13.09775],[166.55616,-13.09912],[166.55835,-13.10295],[166.55744,-13.10554],[166.56018,-13.10806],[166.55895,-13.11223],[166.55579,-13.11306],[166.55715,-13.11636],[166.55405,-13.11612],[166.55411,-13.12074],[166.55125,-13.121],[166.55239,-13.12401],[166.55133,-13.12791],[166.54635,-13.12831],[166.54344,-13.13144],[166.54447,-13.13798],[166.54232,-13.14062],[166.5461,-13.15392],[166.54398,-13.15758],[166.54725,-13.16624],[166.54332,-13.16902],[166.54947,-13.17741],[166.56205,-13.18651],[166.5659,-13.18771],[166.5671,-13.19037],[166.57473,-13.19118],[166.58108,-13.19457],[166.58459,-13.18027],[166.58621,-13.16164],[166.58968,-13.15613],[166.58589,-13.14782],[166.58345,-13.14676],[166.58177,-13.14325],[166.58357,-13.14254],[166.58572,-13.13363]]]]},"properties":{"ADM1_EN":"TORBA","ADM2_EN":"Torres"}},
{"type":"Feature","geometry":{"type":"Polygon","coordinates":[[[167.32798,-13.5031],[167.31632,-13.50314],[167.31472,-13.50596],[167.30321,-13.51258],[167.29755,-13.51877],[167.29331,-13.52844],[167.29296,-13.53244],[167.28923,-13.5362],[167.29117,-13.53699],[167.29075,-13.53919],[167.29352,-13.54535],[167.30191,-13.55723],[167.31859,-13.56634],[167.32968,-13.56775],[167.333,-13.56644],[167.33562,-13.56849],[167.3385,-13.56616],[167.34283,-13.56586],[167.34568,-13.56286],[167.35185,-13.56119],[167.35878,-13.55354],[167.36602,-13.5428],[167.36378,-13.53825],[167.36527,-13.53669],[167.36541,-13.53255],[167.36284,-13.52899],[167.36377,-13.52709],[167.36207,-13.52732],[167.35032,-13.5342],[167.34458,-13.53894],[167.34252,-13.54311],[167.33538,-13.54346],[167.3317,-13.53867],[167.33698,-13.52915],[167.34175,-13.52406],[167.35987,-13.51666],[167.36121,-13.51419],[167.35979,-13.5124],[167.35803,-13.51339],[167.35664,-13.51086],[167.35527,-13.5115],[167.34575,-13.5062],[167.33528,-13.50317],[167.32798,-13.5031]]]},"properties":{"ADM1_EN":"TORBA","ADM2_EN":"Ureparapara"}},
{"type":"Feature","geometry":{"type":"Polygon","coordinates":[[[168.34122,-16.73722],[168.33373,-16.73094],[168.33441,-16.72369],[168.32532,-16.71046],[168.32111,-16.69301],[168.31724,-16.68746],[168.30719,-16.6802],[168.29341,-16.67918],[168.28789,-16.67693],[168.2792,-16.67984],[168.2761,-16.67777],[168.27576,-16.68135],[168.26958,-16.68374],[168.26588,-16.68326],[168.26579,-16.6859],[168.26015,-16.68766],[168.25395,-16.68801],[168.24828,-16.68444],[168.23479,-16.66397],[168.23759,-16.65705],[168.23421,-16.65169],[168.23767,-16.64463],[168.23709,-16.64269],[168.23383,-16.63876],[168.22751,-16.63821],[168.22344,-16.63336],[168.22465,-16.61976],[168.22226,-16.61258],[168.21883,-16.60867],[168.20714,-16.60123],[168.20633,-16.59628],[168.21157,-16.59128],[168.20648,-16.58635],[168.20527,-16.5803],[168.19987,-16.58073],[168.19745,-16.57726],[168.19763,-16.57356],[168.19268,-16.56954],[168.19206,-16.56704],[168.18722,-16.56699],[168.18364,-16.56496],[168.18078,-16.56549],[168.17884,-16.57008],[168.17486,-16.57281],[168.18373,-16.58816],[168.1919,-16.59816],[168.19986,-16.61153],[168.20161,-16.61654],[168.20137,-16.62173],[168.2004,-16.62686],[168.19981,-16.62789],[168.20039,-16.63206],[168.2004,-16.63274],[168.20099,-16.65691],[168.20083,-16.65742],[168.20016,-16.66211],[168.20193,-16.66404],[168.20299,-16.67431],[168.20535,-16.68063],[168.20499,-16.69294],[168.20641,-16.69939],[168.21501,-16.72401],[168.21807,-16.74264],[168.21701,-16.75134],[168.23587,-16.75125],[168.23775,-16.74786],[168.24883,-16.74425],[168.25567,-16.73816],[168.2658,-16.73726],[168.28301,-16.73161],[168.28749,-16.73387],[168.29857,-16.73071],[168.30634,-16.73093],[168.30917,-16.7341],[168.31483,-16.73545],[168.31624,-16.73703],[168.33864,-16.73838],[168.34122,-16.73722]]]},"properties":{"ADM1_EN":"SHEFA","ADM2_EN":"Varsu"}},
{"type":"Feature","geometry":{"type":"Polygon","coordinates":[[[168.28749,-16.73387],[168.28301,-16.73161],[168.2658,-16.73726],[168.25567,-16.73816],[168.24883,-16.74425],[168.23775,-16.74786],[168.23587,-16.75125],[168.21701,-16.75134],[168.21807,-16.74264],[168.21501,-16.72401],[168.20641,-16.69939],[168.20499,-16.69294],[168.20535,-16.68063],[168.20299,-16.67431],[168.20193,-16.66404],[168.20016,-16.66211],[168.19817,-16.66346],[168.1923,-16.66544],[168.18741,-16.66704],[168.18233,-16.66681],[168.18072,-16.66596],[168.17989,-16.66224],[168.17622,-16.66031],[168.17317,-16.65872],[168.16655,-16.65879],[168.1635,-16.65873],[168.1598,-16.65999],[168.15789,-16.66025],[168.15428,-16.66161],[168.14969,-16.66076],[168.14954,-16.66071],[168.13922,-16.65667],[168.13716,-16.65571],[168.13232,-16.65571],[168.13039,-16.65905],[168.13023,-16.66664],[168.12761,-16.67622],[168.12851,-16.68111],[168.12709,-16.68376],[168.1213,-16.68509],[168.1182,-16.68753],[168.11904,-16.69292],[168.12308,-16.69564],[168.1278,-16.70724],[168.13531,-16.71826],[168.14295,-16.7194],[168.14588,-16.72283],[168.14759,-16.72769],[168.14666,-16.7315],[168.15104,-16.73376],[168.14845,-16.7401],[168.15108,-16.74451],[168.15092,-16.75764],[168.15338,-16.75934],[168.15538,-16.76431],[168.15382,-16.76936],[168.15586,-16.7789],[168.16103,-16.78328],[168.17252,-16.78738],[168.17576,-16.80033],[168.17852,-16.80404],[168.18308,-16.80571],[168.18454,-16.80455],[168.19515,-16.80815],[168.19792,-16.80574],[168.19897,-16.80798],[168.2043,-16.81047],[168.20782,-16.80909],[168.21336,-16.81111],[168.22022,-16.81047],[168.22749,-16.81412],[168.23061,-16.81325],[168.23445,-16.82086],[168.23828,-16.82248],[168.24525,-16.82011],[168.24724,-16.82266],[168.25177,-16.8165],[168.2586,-16.82141],[168.26493,-16.81978],[168.26247,-16.81184],[168.26751,-16.80619],[168.26953,-16.80469],[168.27224,-16.80613],[168.27353,-16.804],[168.2804,-16.80357],[168.2819,-16.80113],[168.2934,-16.7934],[168.29338,-16.74809],[168.28749,-16.73387]]]},"properties":{"ADM1_EN":"SHEFA","ADM2_EN":"Vermaul"}},
{"type":"Feature","geometry":{"type":"Polygon","coordinates":[[[167.78486,-15.34243],[167.77944,-15.34648],[167.77443,-15.35382],[167.76684,-15.35907],[167.74674,-15.36332],[167.74358,-15.36517],[167.74225,-15.36795],[167.73394,-15.37124],[167.72967,-15.37645],[167.71935,-15.38285],[167.71671,-15.38752],[167.71216,-15.39155],[167.70792,-15.39271],[167.70687,-15.39477],[167.70067,-15.3984],[167.69865,-15.40239],[167.68984,-15.40855],[167.68146,-15.41813],[167.67815,-15.41866],[167.67779,-15.42365],[167.6755,-15.42597],[167.67622,-15.42782],[167.67342,-15.43407],[167.67517,-15.4378],[167.67283,-15.44419],[167.67716,-15.44601],[167.67809,-15.45061],[167.68079,-15.45252],[167.6883,-15.45419],[167.69623,-15.4618],[167.70844,-15.469],[167.71479,-15.46892],[167.72179,-15.47113],[167.72806,-15.47037],[167.7293,-15.46904],[167.73388,-15.47062],[167.73915,-15.46814],[167.74013,-15.46976],[167.74194,-15.46943],[167.74842,-15.47293],[167.75411,-15.47089],[167.75999,-15.47186],[167.76277,-15.46838],[167.7562,-15.46479],[167.75321,-15.4574],[167.75195,-15.44779],[167.75602,-15.44418],[167.76967,-15.4391],[167.79476,-15.42486],[167.80812,-15.41979],[167.81772,-15.41364],[167.81346,-15.4117],[167.80316,-15.40272],[167.79581,-15.39898],[167.81374,-15.39078],[167.82833,-15.37751],[167.83168,-15.37236],[167.8151,-15.36789],[167.80228,-15.36166],[167.79504,-15.35529],[167.78486,-15.34243]]]},"properties":{"ADM1_EN":"PENAMA","ADM2_EN":"West Ambae"}},
{"type":"Feature","geometry":{"type":"Polygon","coordinates":[[[168.0364,-16.19466],[168.0301,-16.19595],[168.02296,-16.19488],[168.01718,-16.19699],[168.00899,-16.19588],[168.00397,-16.19975],[167.99851,-16.19651],[167.9902,-16.19849],[167.98675,-16.1964],[167.98468,-16.19912],[167.98093,-16.20007],[167.97337,-16.20922],[167.96723,-16.21009],[167.96078,-16.21306],[167.94719,-16.21455],[167.94167,-16.21819],[167.93095,-16.2143],[167.918,-16.2185],[167.91167,-16.22478],[167.91401,-16.23414],[167.91166,-16.23911],[167.91388,-16.2454],[167.91903,-16.24798],[167.9215,-16.25201],[167.92192,-16.25536],[167.91937,-16.2577],[167.91897,-16.26536],[167.92792,-16.26969],[167.93366,-16.26964],[167.9397,-16.27389],[167.95088,-16.27387],[167.95861,-16.28335],[167.96398,-16.29428],[167.9789,-16.30125],[167.98199,-16.30412],[167.98308,-16.31021],[167.98474,-16.31151],[167.99018,-16.31151],[167.99534,-16.3152],[168.00149,-16.31512],[168.00862,-16.31904],[168.01184,-16.32627],[168.01504,-16.32528],[168.01856,-16.31965],[168.02258,-16.31747],[168.03581,-16.32733],[168.03849,-16.33107],[168.03923,-16.33705],[168.04872,-16.33793],[168.05028,-16.33999],[168.05826,-16.34259],[168.05885,-16.34447],[168.06684,-16.34873],[168.07054,-16.34673],[168.08082,-16.35014],[168.08612,-16.35019],[168.11578,-16.36377],[168.13,-16.37385],[168.13375,-16.3751],[168.13869,-16.3735],[168.13687,-16.34654],[168.13781,-16.33278],[168.14157,-16.32619],[168.14061,-16.27558],[168.13715,-16.25817],[168.12774,-16.25668],[168.11456,-16.24979],[168.11048,-16.24439],[168.07755,-16.23273],[168.07096,-16.22824],[168.06375,-16.22644],[168.0575,-16.22279],[168.04948,-16.21676],[168.0364,-16.19466]]]},"properties":{"ADM1_EN":"MALAMPA","ADM2_EN":"West Ambrym"}},
{"type":"Feature","geometry":{"type":"Polygon","coordinates":[[[167.49788,-13.86577],[167.47402,-13.86282],[167.47374,-13.86075],[167.47262,-13.85243],[167.47206,-13.8501],[167.46894,-13.84095],[167.46877,-13.83927],[167.46839,-13.83513],[167.46814,-13.83208],[167.46832,-13.8281],[167.4684,-13.82766],[167.46874,-13.82641],[167.46834,-13.82434],[167.46686,-13.82123],[167.46619,-13.82],[167.46464,-13.81717],[167.46016,-13.8103],[167.45903,-13.80992],[167.45719,-13.8076],[167.45809,-13.80638],[167.45867,-13.80632],[167.45957,-13.80566],[167.46146,-13.80526],[167.46371,-13.80207],[167.46382,-13.80176],[167.46427,-13.80028],[167.46432,-13.80005],[167.46438,-13.79663],[167.46287,-13.79478],[167.46244,-13.79413],[167.46267,-13.79284],[167.46299,-13.79189],[167.46328,-13.79129],[167.4625,-13.7897],[167.4621,-13.78936],[167.45752,-13.78589],[167.45554,-13.78494],[167.45431,-13.77127],[167.45248,-13.77184],[167.4519,-13.772],[167.45172,-13.7722],[167.45136,-13.77243],[167.45086,-13.77259],[167.45057,-13.7726],[167.45055,-13.77254],[167.45042,-13.77224],[167.45017,-13.77199],[167.45001,-13.77193],[167.44972,-13.77188],[167.44954,-13.77172],[167.44941,-13.77162],[167.44924,-13.7715],[167.44908,-13.77145],[167.44857,-13.77117],[167.44833,-13.77098],[167.44826,-13.77061],[167.44784,-13.76999],[167.44773,-13.76994],[167.44757,-13.76966],[167.44749,-13.76968],[167.44655,-13.76956],[167.44644,-13.76956],[167.44625,-13.76944],[167.4462,-13.76944],[167.44525,-13.76884],[167.44444,-13.76911],[167.44405,-13.76913],[167.4435,-13.76922],[167.44348,-13.76922],[167.44314,-13.76933],[167.44254,-13.76949],[167.4425,-13.7695],[167.44204,-13.76958],[167.44147,-13.76975],[167.44122,-13.76985],[167.44103,-13.76972],[167.4399,-13.76969],[167.43901,-13.76972],[167.4386,-13.76979],[167.43762,-13.76987],[167.4373,-13.76952],[167.4372,-13.76941],[167.43688,-13.76897],[167.43672,-13.76871],[167.4367,-13.76868],[167.43654,-13.76843],[167.43639,-13.76815],[167.43632,-13.76789],[167.43615,-13.76732],[167.43615,-13.76731],[167.43592,-13.76568],[167.43532,-13.76472],[167.43469,-13.76413],[167.43463,-13.76408],[167.43358,-13.76381],[167.43347,-13.76387],[167.43297,-13.76384],[167.43277,-13.76366],[167.43186,-13.76325],[167.43156,-13.7633],[167.43029,-13.76324],[167.43009,-13.76316],[167.43007,-13.76316],[167.42949,-13.76335],[167.42929,-13.76342],[167.42863,-13.76399],[167.42855,-13.7641],[167.42805,-13.7649],[167.42786,-13.76534],[167.42766,-13.76566],[167.42763,-13.76571],[167.42744,-13.766],[167.42728,-13.76632],[167.42648,-13.76619],[167.42601,-13.76601],[167.42585,-13.76578],[167.42536,-13.76588],[167.42513,-13.76595],[167.42508,-13.76596],[167.42472,-13.76619],[167.42436,-13.76587],[167.42414,-13.76568],[167.42384,-13.76541],[167.42324,-13.76527],[167.42274,-13.7656],[167.42192,-13.76592],[167.42163,-13.76591],[167.42067,-13.76597],[167.42035,-13.76592],[167.42032,-13.76592],[167.41996,-13.76592],[167.41912,-13.76587],[167.41892,-13.76645],[167.41867,-13.767],[167.41879,-13.76735],[167.41776,-13.76847],[167.41774,-13.76848],[167.41751,-13.76854],[167.41684,-13.76891],[167.41558,-13.76953],[167.41556,-13.76955],[167.41518,-13.77002],[167.4146,-13.77087],[167.4131,-13.77199],[167.41203,-13.77196],[167.41045,-13.77216],[167.4104,-13.77216],[167.40983,-13.7722],[167.40968,-13.77222],[167.40954,-13.77213],[167.40886,-13.77187],[167.40864,-13.77183],[167.40814,-13.77151],[167.40747,-13.77125],[167.40717,-13.77115],[167.40706,-13.77113],[167.40698,-13.77105],[167.40658,-13.7706],[167.40644,-13.77052],[167.40628,-13.77043],[167.40624,-13.77036],[167.40607,-13.77005],[167.40584,-13.76989],[167.40541,-13.76936],[167.40526,-13.76919],[167.4046,-13.76868],[167.40454,-13.76866],[167.40403,-13.76841],[167.40374,-13.76816],[167.40323,-13.76754],[167.40241,-13.767],[167.40234,-13.76687],[167.40215,-13.76666],[167.40194,-13.7665],[167.40149,-13.76616],[167.40128,-13.76594],[167.40067,-13.76581],[167.4001,-13.76569],[167.39981,-13.76571],[167.39973,-13.76572],[167.39942,-13.76572],[167.39933,-13.76572],[167.39905,-13.76532],[167.39774,-13.7649],[167.3976,-13.76484],[167.39681,-13.76378],[167.39655,-13.7637],[167.39633,-13.76346],[167.39575,-13.76288],[167.39517,-13.7629],[167.3934,-13.76048],[167.38813,-13.77323],[167.38347,-13.77562],[167.38731,-13.77967],[167.38558,-13.78507],[167.38668,-13.78861],[167.38527,-13.79387],[167.38334,-13.79582],[167.38545,-13.79639],[167.38414,-13.79758],[167.38526,-13.80098],[167.38372,-13.8024],[167.38442,-13.80505],[167.3863,-13.80606],[167.38377,-13.81417],[167.38164,-13.81531],[167.38521,-13.81835],[167.38403,-13.82228],[167.38504,-13.82367],[167.38329,-13.82682],[167.38039,-13.82742],[167.37803,-13.8301],[167.38107,-13.8364],[167.38007,-13.84029],[167.38291,-13.84478],[167.38214,-13.8492],[167.3847,-13.85413],[167.39022,-13.8577],[167.39006,-13.85949],[167.39368,-13.86353],[167.39915,-13.86547],[167.40668,-13.87909],[167.42137,-13.89201],[167.42338,-13.89692],[167.4313,-13.90041],[167.43443,-13.90046],[167.44009,-13.90412],[167.44572,-13.91237],[167.44843,-13.91385],[167.44834,-13.92587],[167.44517,-13.92899],[167.4436,-13.93577],[167.444,-13.94257],[167.4427,-13.94469],[167.44575,-13.95698],[167.44756,-13.95795],[167.44852,-13.96241],[167.45733,-13.96663],[167.46548,-13.96581],[167.47625,-13.96014],[167.47957,-13.95509],[167.48617,-13.95158],[167.48995,-13.94735],[167.4889,-13.93696],[167.48641,-13.93395],[167.48409,-13.93411],[167.4797,-13.93122],[167.47665,-13.92307],[167.47865,-13.92225],[167.47781,-13.91946],[167.47286,-13.91762],[167.47382,-13.91077],[167.47802,-13.9078],[167.47649,-13.90428],[167.48153,-13.90897],[167.48493,-13.90723],[167.49089,-13.9107],[167.49272,-13.90935],[167.50227,-13.90958],[167.50174,-13.90856],[167.50166,-13.90841],[167.50127,-13.90754],[167.50119,-13.90719],[167.50113,-13.90699],[167.50093,-13.90663],[167.49788,-13.86579],[167.49788,-13.86577]]]},"properties":{"ADM1_EN":"TORBA","ADM2_EN":"West Vanua Lava"}},
{"type":"Feature","geometry":{"type":"Polygon","coordinates":[[[169.36033,-19.32076],[169.35373,-19.32179],[169.34786,-19.31995],[169.34383,-19.32145],[169.34041,-19.31879],[169.33038,-19.31568],[169.32757,-19.31891],[169.32488,-19.31903],[169.31963,-19.31856],[169.31413,-19.31591],[169.30765,-19.31603],[169.30399,-19.32122],[169.29751,-19.32179],[169.28981,-19.32571],[169.27673,-19.32871],[169.26732,-19.33367],[169.26366,-19.33794],[169.2496,-19.34359],[169.24765,-19.34716],[169.24765,-19.35985],[169.24581,-19.36319],[169.24765,-19.3655],[169.25009,-19.38348],[169.247,-19.39513],[169.25024,-19.39629],[169.25225,-19.39855],[169.25507,-19.39912],[169.26412,-19.40095],[169.26766,-19.40551],[169.26892,-19.40712],[169.28565,-19.40895],[169.29121,-19.40956],[169.32543,-19.41767],[169.35032,-19.4321],[169.3543,-19.43181],[169.35104,-19.4176],[169.35202,-19.40654],[169.34908,-19.40343],[169.34908,-19.40054],[169.35104,-19.39801],[169.34811,-19.39743],[169.34908,-19.39259],[169.34639,-19.3904],[169.34639,-19.38521],[169.34921,-19.3806],[169.34652,-19.37438],[169.34945,-19.36976],[169.34798,-19.35754],[169.34994,-19.35535],[169.35067,-19.34889],[169.34762,-19.34774],[169.35116,-19.3467],[169.35373,-19.34324],[169.36106,-19.34094],[169.36314,-19.3331],[169.36302,-19.32618],[169.36033,-19.32076]]]},"properties":{"ADM1_EN":"TAFEA","ADM2_EN":"North Tanna"}},
{"type":"Feature","geometry":{"type":"Polygon","coordinates":[[[169.35032,-19.4321],[169.3252,-19.41773],[169.29121,-19.40956],[169.28565,-19.40895],[169.26892,-19.40712],[169.26766,-19.40551],[169.26412,-19.40098],[169.25507,-19.39912],[169.25225,-19.39855],[169.25024,-19.39629],[169.247,-19.39513],[169.22953,-19.42806],[169.23119,-19.42912],[169.23289,-19.43098],[169.23358,-19.43244],[169.23623,-19.43539],[169.2367,-19.43592],[169.23865,-19.43797],[169.23913,-19.43851],[169.24012,-19.44332],[169.24363,-19.44222],[169.24644,-19.44161],[169.24646,-19.44161],[169.24652,-19.44162],[169.24781,-19.44181],[169.25149,-19.44205],[169.25221,-19.44254],[169.25315,-19.44314],[169.25479,-19.44294],[169.25738,-19.44153],[169.26002,-19.44233],[169.26059,-19.44232],[169.26203,-19.44266],[169.26445,-19.44255],[169.26544,-19.44224],[169.26713,-19.44154],[169.26929,-19.44436],[169.26978,-19.44477],[169.27191,-19.44831],[169.2768,-19.45648],[169.28288,-19.46382],[169.2844,-19.46907],[169.28682,-19.47355],[169.29209,-19.48072],[169.2938,-19.48323],[169.29462,-19.48464],[169.29597,-19.48871],[169.29805,-19.49361],[169.30032,-19.49402],[169.30007,-19.49745],[169.30006,-19.49751],[169.29941,-19.49797],[169.29802,-19.49974],[169.30021,-19.49978],[169.30098,-19.49989],[169.30277,-19.50046],[169.30382,-19.50101],[169.30509,-19.5012],[169.30515,-19.50118],[169.30782,-19.49982],[169.30879,-19.49908],[169.30944,-19.49856],[169.31198,-19.49692],[169.31345,-19.49636],[169.31372,-19.49635],[169.32309,-19.49589],[169.3273,-19.49647],[169.33285,-19.49802],[169.33378,-19.49764],[169.34033,-19.49659],[169.34188,-19.49658],[169.34292,-19.49648],[169.34293,-19.49647],[169.344,-19.49546],[169.34695,-19.49267],[169.34722,-19.48651],[169.34158,-19.47894],[169.33883,-19.47048],[169.34208,-19.45791],[169.34664,-19.4573],[169.3503,-19.45432],[169.35215,-19.45286],[169.35228,-19.45263],[169.35329,-19.45283],[169.3535,-19.45287],[169.35378,-19.4527],[169.35491,-19.45195],[169.35763,-19.44994],[169.35908,-19.44961],[169.35932,-19.4496],[169.35954,-19.4494],[169.35994,-19.44902],[169.36006,-19.44889],[169.3602,-19.44899],[169.36081,-19.44877],[169.36084,-19.4487],[169.36097,-19.44847],[169.36115,-19.44834],[169.35917,-19.44181],[169.35685,-19.44182],[169.3557,-19.43998],[169.3543,-19.43181],[169.35032,-19.4321]]]},"properties":{"ADM1_EN":"TAFEA","ADM2_EN":"Central Tanna"}},
{"type":"Feature","geometry":{"type":"Polygon","coordinates":[[[169.23119,-19.42912],[169.22952,-19.42806],[169.22171,-19.44022],[169.22281,-19.44391],[169.21853,-19.44875],[169.22586,-19.47341],[169.23167,-19.47975],[169.23594,-19.49657],[169.25208,-19.5264],[169.25556,-19.52946],[169.26033,-19.52836],[169.26546,-19.53164],[169.26729,-19.53366],[169.26711,-19.53827],[169.26925,-19.53965],[169.27212,-19.54788],[169.27513,-19.54737],[169.27688,-19.54746],[169.27772,-19.54749],[169.2856,-19.54711],[169.28614,-19.54717],[169.28879,-19.5477],[169.29264,-19.54785],[169.2935,-19.54752],[169.29363,-19.54741],[169.30079,-19.54457],[169.3039,-19.54478],[169.30436,-19.54476],[169.30532,-19.54431],[169.30682,-19.54359],[169.30971,-19.54184],[169.31228,-19.54081],[169.31515,-19.54011],[169.31633,-19.53982],[169.31864,-19.53904],[169.32086,-19.53938],[169.32383,-19.53946],[169.32918,-19.53786],[169.33268,-19.53728],[169.33524,-19.53698],[169.34033,-19.53534],[169.34447,-19.53399],[169.34906,-19.53234],[169.35319,-19.53076],[169.35756,-19.53082],[169.36354,-19.53381],[169.3694,-19.53469],[169.36946,-19.53467],[169.36703,-19.52401],[169.36235,-19.51865],[169.36152,-19.517],[169.36147,-19.51689],[169.3607,-19.51447],[169.35995,-19.51283],[169.35986,-19.5126],[169.35926,-19.51219],[169.35737,-19.5109],[169.35685,-19.51024],[169.35555,-19.50856],[169.35423,-19.50563],[169.35337,-19.50478],[169.35069,-19.50041],[169.34292,-19.49648],[169.34188,-19.49658],[169.34033,-19.49659],[169.33378,-19.49764],[169.33285,-19.49802],[169.3273,-19.49647],[169.32309,-19.49589],[169.31372,-19.49635],[169.31345,-19.49636],[169.31198,-19.49692],[169.30944,-19.49856],[169.30879,-19.49908],[169.30782,-19.49982],[169.30515,-19.50118],[169.30509,-19.5012],[169.30382,-19.50101],[169.30277,-19.50046],[169.30098,-19.49989],[169.30021,-19.49978],[169.29802,-19.49974],[169.29941,-19.49797],[169.30006,-19.49751],[169.30007,-19.49745],[169.30032,-19.49402],[169.29805,-19.49361],[169.29597,-19.48871],[169.29462,-19.48464],[169.2938,-19.48323],[169.29209,-19.48072],[169.28682,-19.47355],[169.2844,-19.46907],[169.28288,-19.46382],[169.2768,-19.45648],[169.27191,-19.44831],[169.26978,-19.44477],[169.26929,-19.44436],[169.26713,-19.44154],[169.26544,-19.44224],[169.26445,-19.44255],[169.26203,-19.44266],[169.26059,-19.44232],[169.26002,-19.44233],[169.25738,-19.44153],[169.25479,-19.44294],[169.25315,-19.44314],[169.25221,-19.44254],[169.25149,-19.44205],[169.24781,-19.44181],[169.24652,-19.44162],[169.24646,-19.44161],[169.24644,-19.44161],[169.24363,-19.44222],[169.24012,-19.44332],[169.23913,-19.43851],[169.23865,-19.43797],[169.2367,-19.43592],[169.23623,-19.43539],[169.23358,-19.43244],[169.23289,-19.43098],[169.23119,-19.42912]]]},"properties":{"ADM1_EN":"TAFEA","ADM2_EN":"West Tanna"}},
{"type":"Feature","geometry":{"type":"Polygon","coordinates":[[[169.36354,-19.53381],[169.35756,-19.53085],[169.35319,-19.53076],[169.34906,-19.53234],[169.34447,-19.53399],[169.34033,-19.53534],[169.33524,-19.53698],[169.33268,-19.53728],[169.32918,-19.53786],[169.32383,-19.53946],[169.32086,-19.53938],[169.31864,-19.53904],[169.31633,-19.53982],[169.31515,-19.54011],[169.31228,-19.54081],[169.30971,-19.54184],[169.30682,-19.54359],[169.30532,-19.54431],[169.30436,-19.54476],[169.3039,-19.54478],[169.30079,-19.54457],[169.29363,-19.54741],[169.2935,-19.54752],[169.29264,-19.54785],[169.28879,-19.5477],[169.28614,-19.54717],[169.2856,-19.54711],[169.27772,-19.54749],[169.27688,-19.54746],[169.27513,-19.54737],[169.27216,-19.54789],[169.27527,-19.54738],[169.27751,-19.54922],[169.27639,-19.55141],[169.27914,-19.55225],[169.28077,-19.55523],[169.28437,-19.56933],[169.28345,-19.57089],[169.28627,-19.57256],[169.28614,-19.57682],[169.28902,-19.57797],[169.29152,-19.57682],[169.29671,-19.58027],[169.3027,-19.58091],[169.31071,-19.58407],[169.3167,-19.593],[169.32543,-19.59714],[169.33039,-19.61106],[169.33412,-19.61114],[169.33645,-19.61295],[169.3424,-19.62199],[169.34878,-19.62273],[169.34926,-19.62204],[169.34945,-19.62172],[169.34966,-19.62118],[169.35065,-19.61977],[169.3506,-19.61966],[169.35016,-19.61776],[169.35016,-19.61706],[169.35177,-19.6148],[169.35181,-19.61268],[169.35236,-19.61179],[169.35403,-19.60849],[169.35619,-19.60502],[169.35806,-19.60191],[169.35942,-19.59975],[169.36172,-19.59965],[169.36326,-19.60025],[169.36415,-19.59935],[169.36507,-19.59843],[169.36687,-19.59754],[169.36798,-19.59361],[169.37306,-19.58968],[169.37646,-19.58701],[169.38474,-19.57855],[169.38992,-19.57755],[169.39372,-19.57781],[169.39182,-19.57648],[169.39073,-19.57402],[169.39027,-19.56996],[169.38854,-19.56817],[169.38956,-19.56498],[169.3896,-19.56486],[169.38909,-19.56406],[169.38839,-19.56206],[169.38823,-19.56052],[169.38822,-19.55261],[169.38814,-19.55176],[169.38553,-19.55005],[169.38448,-19.54892],[169.3831,-19.54459],[169.38328,-19.54162],[169.38101,-19.54047],[169.37671,-19.5383],[169.3694,-19.53469],[169.36354,-19.53381]]]},"properties":{"ADM1_EN":"TAFEA","ADM2_EN":"South West Tanna"}},
{"type":"Feature","geometry":{"type":"Polygon","coordinates":[[[169.3694,-19.53469],[169.37671,-19.5383],[169.38101,-19.54047],[169.38328,-19.54162],[169.3831,-19.54459],[169.38448,-19.54892],[169.38553,-19.55005],[169.38814,-19.55176],[169.38822,-19.55261],[169.38823,-19.56052],[169.38839,-19.56206],[169.38909,-19.56406],[169.3896,-19.56486],[169.38956,-19.56498],[169.38857,-19.5682],[169.3903,-19.56993],[169.39073,-19.57402],[169.39182,-19.57648],[169.3966,-19.57752],[169.399,-19.57683],[169.40058,-19.57551],[169.40061,-19.5755],[169.40138,-19.57515],[169.40296,-19.57635],[169.4048,-19.57823],[169.4064,-19.57974],[169.40868,-19.58037],[169.40874,-19.58037],[169.4104,-19.5803],[169.41271,-19.57767],[169.41298,-19.5775],[169.41302,-19.57749],[169.41427,-19.57752],[169.41485,-19.57846],[169.41666,-19.58093],[169.41595,-19.58189],[169.41679,-19.58233],[169.42313,-19.58618],[169.42556,-19.58644],[169.4269,-19.58684],[169.42812,-19.58742],[169.43055,-19.58745],[169.43074,-19.58746],[169.43106,-19.58665],[169.43117,-19.58639],[169.43487,-19.58528],[169.43658,-19.58619],[169.43988,-19.58253],[169.43998,-19.58247],[169.44025,-19.58247],[169.44395,-19.58063],[169.44605,-19.57918],[169.45385,-19.57934],[169.45748,-19.58189],[169.45825,-19.58256],[169.46147,-19.58234],[169.4645,-19.58271],[169.46758,-19.58161],[169.46592,-19.57624],[169.46989,-19.56634],[169.47331,-19.56225],[169.47673,-19.56214],[169.48083,-19.55764],[169.48236,-19.55811],[169.48297,-19.55407],[169.48468,-19.55315],[169.48285,-19.55039],[169.48358,-19.54739],[169.50289,-19.54112],[169.50509,-19.5372],[169.50417,-19.53236],[169.50655,-19.52102],[169.50197,-19.52055],[169.49858,-19.5257],[169.50069,-19.52707],[169.50038,-19.52897],[169.49452,-19.5315],[169.49073,-19.52851],[169.49519,-19.52039],[169.49006,-19.51969],[169.48883,-19.51385],[169.47766,-19.51283],[169.4685,-19.51481],[169.46232,-19.51347],[169.46002,-19.50933],[169.45869,-19.51026],[169.4585,-19.51043],[169.45645,-19.51179],[169.45467,-19.51335],[169.45346,-19.51458],[169.4528,-19.51549],[169.45159,-19.51519],[169.44858,-19.51572],[169.44682,-19.51554],[169.44573,-19.51632],[169.44451,-19.51735],[169.44299,-19.51791],[169.44211,-19.518],[169.44206,-19.51799],[169.44202,-19.51799],[169.44157,-19.51803],[169.44129,-19.51839],[169.4405,-19.51841],[169.4402,-19.51853],[169.43896,-19.51915],[169.43893,-19.52051],[169.43838,-19.52111],[169.43736,-19.5205],[169.43579,-19.5194],[169.43481,-19.51991],[169.43434,-19.52029],[169.43277,-19.5225],[169.43142,-19.52383],[169.43143,-19.52448],[169.43084,-19.52517],[169.42944,-19.52457],[169.42896,-19.52399],[169.42871,-19.5238],[169.42815,-19.52373],[169.4276,-19.52367],[169.42474,-19.5239],[169.42344,-19.52408],[169.42288,-19.52436],[169.4226,-19.52458],[169.42174,-19.52524],[169.42108,-19.52548],[169.41869,-19.52485],[169.41832,-19.52399],[169.41751,-19.52291],[169.41666,-19.52157],[169.41649,-19.52106],[169.41513,-19.51871],[169.41433,-19.51713],[169.41424,-19.51686],[169.41249,-19.51423],[169.4071,-19.5119],[169.40695,-19.5108],[169.4055,-19.50955],[169.40484,-19.50968],[169.40326,-19.50916],[169.40325,-19.50915],[169.40255,-19.50767],[169.40242,-19.506],[169.40242,-19.50594],[169.40147,-19.50394],[169.40138,-19.50372],[169.399,-19.50224],[169.39898,-19.50223],[169.39843,-19.50185],[169.39828,-19.50175],[169.39762,-19.50133],[169.39649,-19.50115],[169.39576,-19.50175],[169.39395,-19.50207],[169.3936,-19.50205],[169.39238,-19.50217],[169.39116,-19.50228],[169.39108,-19.50228],[169.39094,-19.50216],[169.39024,-19.50193],[169.38998,-19.50201],[169.38589,-19.50239],[169.38552,-19.50229],[169.38433,-19.50222],[169.38427,-19.50223],[169.38012,-19.50274],[169.37819,-19.50527],[169.36918,-19.50695],[169.36808,-19.5066],[169.36686,-19.50656],[169.36639,-19.50657],[169.36636,-19.5066],[169.36461,-19.50747],[169.36378,-19.50804],[169.36357,-19.50819],[169.36204,-19.50849],[169.36153,-19.50619],[169.36146,-19.5059],[169.3595,-19.50532],[169.35426,-19.50562],[169.35423,-19.50563],[169.35555,-19.50856],[169.35685,-19.51024],[169.35737,-19.5109],[169.35926,-19.51219],[169.35986,-19.5126],[169.35995,-19.51283],[169.3607,-19.51447],[169.36147,-19.51689],[169.36152,-19.517],[169.36235,-19.51865],[169.36703,-19.52401],[169.36946,-19.53467],[169.3694,-19.53469]]]},"properties":{"ADM1_EN":"TAFEA","ADM2_EN":"South East Tanna"}},
{"type":"Feature","geometry":{"type":"Polygon","coordinates":[[[169.34878,-19.62273],[169.35257,-19.62693],[169.35287,-19.63136],[169.3577,-19.63073],[169.36283,-19.6328],[169.36558,-19.63625],[169.3723,-19.63735],[169.3778,-19.64068],[169.38184,-19.64063],[169.38489,-19.64373],[169.39229,-19.64287],[169.3965,-19.64707],[169.4039,-19.64886],[169.40726,-19.65156],[169.41984,-19.65001],[169.42748,-19.65536],[169.44062,-19.65553],[169.44789,-19.65191],[169.4471,-19.64828],[169.45156,-19.64529],[169.45156,-19.64057],[169.46292,-19.63337],[169.46622,-19.62054],[169.46818,-19.61985],[169.46934,-19.61473],[169.46824,-19.60373],[169.46965,-19.60034],[169.46618,-19.58804],[169.46786,-19.58507],[169.46758,-19.58161],[169.4645,-19.58271],[169.46147,-19.58234],[169.45825,-19.58256],[169.45748,-19.58189],[169.45385,-19.57934],[169.44605,-19.57918],[169.44395,-19.58063],[169.44025,-19.58247],[169.43998,-19.58247],[169.43988,-19.58253],[169.43658,-19.58619],[169.43487,-19.58528],[169.43117,-19.58639],[169.43106,-19.58665],[169.43074,-19.58746],[169.43055,-19.58745],[169.42812,-19.58742],[169.4269,-19.58684],[169.42556,-19.58644],[169.42313,-19.58618],[169.41679,-19.58233],[169.41595,-19.58189],[169.41666,-19.58093],[169.41485,-19.57846],[169.41427,-19.57752],[169.41302,-19.57749],[169.41298,-19.5775],[169.41271,-19.57767],[169.4104,-19.5803],[169.40874,-19.58037],[169.40868,-19.58037],[169.4064,-19.57974],[169.4048,-19.57823],[169.40296,-19.57635],[169.40138,-19.57515],[169.40061,-19.5755],[169.40058,-19.57551],[169.399,-19.57683],[169.3966,-19.57752],[169.39367,-19.57783],[169.38992,-19.57755],[169.38474,-19.57855],[169.37646,-19.58701],[169.37306,-19.58968],[169.36798,-19.59361],[169.36687,-19.59754],[169.36507,-19.59843],[169.36415,-19.59935],[169.36326,-19.60025],[169.36172,-19.59965],[169.35942,-19.59975],[169.35806,-19.60191],[169.35619,-19.60502],[169.35403,-19.60849],[169.35236,-19.61179],[169.35181,-19.61268],[169.35177,-19.6148],[169.35016,-19.61706],[169.35016,-19.61776],[169.3506,-19.61966],[169.35065,-19.61977],[169.34966,-19.62118],[169.34945,-19.62172],[169.34926,-19.62204],[169.34878,-19.62273]]]},"properties":{"ADM1_EN":"TAFEA","ADM2_EN":"South Tanna"}},
{"type":"Feature","geometry":{"type":"Polygon","coordinates":[[[166.64201,-14.68804],[166.64184,-14.68813],[166.63955,-14.69026],[166.63943,-14.69027],[166.63903,-14.69013],[166.63877,-14.69019],[166.63864,-14.69026],[166.63861,-14.6906],[166.6386,-14.69126],[166.63855,-14.69202],[166.63809,-14.69227],[166.63806,-14.69228],[166.63748,-14.69278],[166.63577,-14.6925],[166.63486,-14.69397],[166.63341,-14.69388],[166.63322,-14.69383],[166.63305,-14.69491],[166.63302,-14.69516],[166.63187,-14.69691],[166.63178,-14.69711],[166.63005,-14.69819],[166.62815,-14.70003],[166.62812,-14.70004],[166.62767,-14.70019],[166.62728,-14.70019],[166.62695,-14.70036],[166.62642,-14.70026],[166.62505,-14.70099],[166.62471,-14.70101],[166.62441,-14.70098],[166.62425,-14.70104],[166.62367,-14.7014],[166.62355,-14.70148],[166.62333,-14.70161],[166.62189,-14.70293],[166.62158,-14.70347],[166.62149,-14.70351],[166.62132,-14.70356],[166.62072,-14.70393],[166.62061,-14.70408],[166.62042,-14.70417],[166.62035,-14.70419],[166.61978,-14.70414],[166.61965,-14.70423],[166.61954,-14.70429],[166.61925,-14.70438],[166.61884,-14.70483],[166.61801,-14.7063],[166.61742,-14.70663],[166.61694,-14.70706],[166.61639,-14.70741],[166.61634,-14.70746],[166.61615,-14.70769],[166.61486,-14.70903],[166.61339,-14.7105],[166.61258,-14.71154],[166.61245,-14.71194],[166.6124,-14.71207],[166.61217,-14.71256],[166.61049,-14.71536],[166.61024,-14.71587],[166.61014,-14.71608],[166.61001,-14.71625],[166.60999,-14.71627],[166.60916,-14.7165],[166.60783,-14.71682],[166.60775,-14.71685],[166.60773,-14.71686],[166.60742,-14.71734],[166.60736,-14.71737],[166.60755,-14.71839],[166.60769,-14.71878],[166.60852,-14.72036],[166.60841,-14.72087],[166.60839,-14.72124],[166.60812,-14.72198],[166.60851,-14.72231],[166.60853,-14.72234],[166.60859,-14.72279],[166.60849,-14.72332],[166.60823,-14.7236],[166.60806,-14.72382],[166.60779,-14.72394],[166.60751,-14.72396],[166.60684,-14.72452],[166.60722,-14.72534],[166.60731,-14.72584],[166.60734,-14.72615],[166.60632,-14.72595],[166.60547,-14.72634],[166.60365,-14.72759],[166.60313,-14.72834],[166.60292,-14.72883],[166.60296,-14.72952],[166.60319,-14.73069],[166.60331,-14.73112],[166.60329,-14.73132],[166.60327,-14.73137],[166.60316,-14.73152],[166.60277,-14.73221],[166.60274,-14.73229],[166.6034,-14.7333],[166.60337,-14.73337],[166.60353,-14.73411],[166.60357,-14.73411],[166.60572,-14.73639],[166.60355,-14.74038],[166.60352,-14.7404],[166.59909,-14.74516],[166.60006,-14.74756],[166.60029,-14.74757],[166.60191,-14.74899],[166.60292,-14.75066],[166.60336,-14.75238],[166.60313,-14.75288],[166.60303,-14.75328],[166.603,-14.75354],[166.60292,-14.75412],[166.60284,-14.75463],[166.60268,-14.75557],[166.60257,-14.75625],[166.60228,-14.75754],[166.60233,-14.7577],[166.60261,-14.75791],[166.60307,-14.75843],[166.60315,-14.75892],[166.60317,-14.75905],[166.60572,-14.76156],[166.60575,-14.76157],[166.60694,-14.76161],[166.60712,-14.76185],[166.60998,-14.76427],[166.61019,-14.76416],[166.61053,-14.76396],[166.61172,-14.76363],[166.61329,-14.76393],[166.61397,-14.7639],[166.61514,-14.76516],[166.61608,-14.76579],[166.61651,-14.76648],[166.61651,-14.76649],[166.61631,-14.76657],[166.61587,-14.76674],[166.61688,-14.76785],[166.61707,-14.76794],[166.61808,-14.7683],[166.6186,-14.76862],[166.6189,-14.76889],[166.61944,-14.77036],[166.61952,-14.77186],[166.61951,-14.77224],[166.62005,-14.77354],[166.62027,-14.77382],[166.6214,-14.77624],[166.62152,-14.77689],[166.62154,-14.77738],[166.62154,-14.77773],[166.62127,-14.77922],[166.62135,-14.7799],[166.6213,-14.781],[166.62177,-14.78407],[166.62252,-14.78655],[166.62274,-14.78656],[166.62314,-14.78665],[166.62324,-14.78673],[166.62426,-14.78813],[166.62453,-14.78818],[166.62512,-14.7884],[166.62524,-14.78848],[166.62553,-14.78914],[166.62548,-14.78917],[166.62496,-14.78976],[166.62491,-14.78992],[166.6258,-14.79047],[166.62651,-14.79105],[166.62926,-14.79216],[166.63072,-14.79311],[166.63546,-14.79519],[166.63616,-14.79542],[166.63699,-14.79543],[166.638,-14.79474],[166.6395,-14.79371],[166.63953,-14.7937],[166.64078,-14.79474],[166.64121,-14.79522],[166.6414,-14.79596],[166.64141,-14.79597],[166.64221,-14.79602],[166.64319,-14.79617],[166.64497,-14.79612],[166.64498,-14.79613],[166.64547,-14.79623],[166.64668,-14.79596],[166.64824,-14.79594],[166.64853,-14.79613],[166.64881,-14.7966],[166.6491,-14.79698],[166.65068,-14.79731],[166.65074,-14.79732],[166.65308,-14.79673],[166.65368,-14.79654],[166.65682,-14.79694],[166.65729,-14.79738],[166.65907,-14.79843],[166.65933,-14.79878],[166.65819,-14.80039],[166.65777,-14.80119],[166.6568,-14.8037],[166.65725,-14.80688],[166.65763,-14.80849],[166.65763,-14.80862],[166.65753,-14.80947],[166.65747,-14.81129],[166.6564,-14.81755],[166.65632,-14.81774],[166.65756,-14.82036],[166.65789,-14.8207],[166.65855,-14.82109],[166.65853,-14.82163],[166.65945,-14.82298],[166.66013,-14.82661],[166.65748,-14.82852],[166.65736,-14.82921],[166.65736,-14.82932],[166.65765,-14.83233],[166.65757,-14.83282],[166.65736,-14.83373],[166.65734,-14.83374],[166.65463,-14.83449],[166.65445,-14.83451],[166.6539,-14.83443],[166.65373,-14.83439],[166.65205,-14.83471],[166.65181,-14.83471],[166.65178,-14.8347],[166.65125,-14.8343],[166.64982,-14.83475],[166.64954,-14.83843],[166.64947,-14.83868],[166.65084,-14.84153],[166.65116,-14.84278],[166.65152,-14.84438],[166.65164,-14.84454],[166.65412,-14.84579],[166.65418,-14.84579],[166.65448,-14.84665],[166.65428,-14.84712],[166.65504,-14.8484],[166.65508,-14.84842],[166.65513,-14.84842],[166.65643,-14.84779],[166.65696,-14.84772],[166.65723,-14.84772],[166.66138,-14.85032],[166.66158,-14.85051],[166.66165,-14.85094],[166.6616,-14.85121],[166.66156,-14.85173],[166.66132,-14.85325],[166.66121,-14.85373],[166.6612,-14.85384],[166.66136,-14.85466],[166.66142,-14.85486],[166.6625,-14.85607],[166.66302,-14.85605],[166.66337,-14.85602],[166.66462,-14.85643],[166.66567,-14.8566],[166.66569,-14.8566],[166.66636,-14.85636],[166.66846,-14.85517],[166.6693,-14.85554],[166.67014,-14.85664],[166.67024,-14.85674],[166.67072,-14.85773],[166.671,-14.85868],[166.6711,-14.85977],[166.67139,-14.86064],[166.67218,-14.86167],[166.6743,-14.86416],[166.67501,-14.86349],[166.67514,-14.8634],[166.67537,-14.86327],[166.6757,-14.86313],[166.67573,-14.86315],[166.67629,-14.86347],[166.67652,-14.8636],[166.67749,-14.86543],[166.68066,-14.86628],[166.6816,-14.86626],[166.6822,-14.86632],[166.6867,-14.86513],[166.68737,-14.86506],[166.68761,-14.86496],[166.68845,-14.86438],[166.68904,-14.86371],[166.68914,-14.86358],[166.68993,-14.86143],[166.69401,-14.86035],[166.69513,-14.86047],[166.69577,-14.86143],[166.696,-14.86246],[166.69618,-14.86377],[166.69597,-14.86466],[166.69583,-14.86574],[166.69802,-14.86944],[166.69818,-14.86969],[166.69836,-14.8703],[166.69833,-14.87065],[166.6981,-14.87134],[166.69777,-14.87236],[166.69699,-14.87426],[166.69701,-14.87441],[166.69786,-14.87623],[166.69805,-14.87654],[166.69853,-14.87758],[166.6988,-14.8785],[166.69876,-14.88128],[166.69864,-14.88278],[166.69995,-14.88797],[166.70097,-14.88985],[166.7044,-14.89256],[166.70482,-14.89305],[166.70664,-14.8962],[166.70661,-14.89635],[166.70651,-14.89679],[166.70668,-14.89706],[166.70688,-14.89735],[166.70704,-14.89788],[166.70761,-14.89827],[166.70775,-14.8982],[166.70919,-14.8995],[166.70924,-14.89993],[166.71053,-14.90329],[166.71065,-14.90392],[166.7114,-14.90513],[166.71161,-14.90541],[166.7131,-14.90794],[166.71299,-14.90901],[166.71306,-14.91155],[166.71306,-14.91187],[166.71383,-14.91803],[166.71402,-14.91835],[166.71402,-14.91921],[166.714,-14.91932],[166.71377,-14.92028],[166.71434,-14.9218],[166.71503,-14.92249],[166.71505,-14.92251],[166.71574,-14.9239],[166.71577,-14.92394],[166.71633,-14.92753],[166.71678,-14.9289],[166.71778,-14.93075],[166.71826,-14.93154],[166.71958,-14.93266],[166.71978,-14.93291],[166.72067,-14.93409],[166.72095,-14.93511],[166.72126,-14.93847],[166.72133,-14.93954],[166.72213,-14.94155],[166.72208,-14.94384],[166.72165,-14.94799],[166.72132,-14.94874],[166.7178,-14.95243],[166.71822,-14.95485],[166.71652,-14.95667],[166.71784,-14.95951],[166.71881,-14.95982],[166.71901,-14.96368],[166.71631,-14.96562],[166.71466,-14.96642],[166.71429,-14.96704],[166.71461,-14.96815],[166.71477,-14.96836],[166.71477,-14.96841],[166.71402,-14.96926],[166.71369,-14.9695],[166.71367,-14.96954],[166.71362,-14.97208],[166.71362,-14.97216],[166.71208,-14.97353],[166.71184,-14.97496],[166.71183,-14.97498],[166.70963,-14.97682],[166.70716,-14.97935],[166.70619,-14.9797],[166.70453,-14.9804],[166.70195,-14.98211],[166.70172,-14.98314],[166.70091,-14.98411],[166.70072,-14.98429],[166.69918,-14.98391],[166.69762,-14.98451],[166.69668,-14.98484],[166.69339,-14.9867],[166.69271,-14.98704],[166.69253,-14.98716],[166.69169,-14.98877],[166.69166,-14.9888],[166.69059,-14.98905],[166.69014,-14.98978],[166.68923,-14.99204],[166.68801,-14.99285],[166.68724,-14.99233],[166.68636,-14.99226],[166.68428,-14.99209],[166.68422,-14.99096],[166.6831,-14.98771],[166.68288,-14.98761],[166.68118,-14.98727],[166.68029,-14.98712],[166.67647,-14.98721],[166.67614,-14.98712],[166.67413,-14.98733],[166.67174,-14.9901],[166.66975,-14.99044],[166.66826,-14.99034],[166.66876,-14.99227],[166.66979,-14.99407],[166.66993,-14.99785],[166.67012,-14.99866],[166.67231,-15.00303],[166.67232,-15.00324],[166.67501,-15.00668],[166.67501,-15.00688],[166.67495,-15.00807],[166.67519,-15.00818],[166.6779,-15.0096],[166.67802,-15.00981],[166.67943,-15.01096],[166.6808,-15.01116],[166.68247,-15.01157],[166.68267,-15.01188],[166.68296,-15.01281],[166.68291,-15.01314],[166.67985,-15.02109],[166.68149,-15.02347],[166.6816,-15.02365],[166.68447,-15.0232],[166.68633,-15.02297],[166.68854,-15.02221],[166.68888,-15.02204],[166.68988,-15.02184],[166.69,-15.02181],[166.69299,-15.02165],[166.69617,-15.02175],[166.70058,-15.02247],[166.7016,-15.02332],[166.70179,-15.02438],[166.70257,-15.02539],[166.7041,-15.02728],[166.70338,-15.03067],[166.70223,-15.03251],[166.69872,-15.03289],[166.6985,-15.03243],[166.69814,-15.03235],[166.69738,-15.03223],[166.69662,-15.03327],[166.6966,-15.03332],[166.69538,-15.0353],[166.69538,-15.03537],[166.69441,-15.03758],[166.69228,-15.03869],[166.69203,-15.03895],[166.69075,-15.04109],[166.69209,-15.04642],[166.69209,-15.04734],[166.69217,-15.04879],[166.69222,-15.04891],[166.69277,-15.04967],[166.69382,-15.04857],[166.69395,-15.04851],[166.69505,-15.04831],[166.69997,-15.04655],[166.70014,-15.04661],[166.70882,-15.05064],[166.71112,-15.05375],[166.71182,-15.05462],[166.71249,-15.05559],[166.71285,-15.05601],[166.7137,-15.05693],[166.71884,-15.06161],[166.71916,-15.06184],[166.72033,-15.0642],[166.72039,-15.06512],[166.7204,-15.06631],[166.7204,-15.06649],[166.72071,-15.06762],[166.72126,-15.06855],[166.72156,-15.06917],[166.72316,-15.07089],[166.72504,-15.07136],[166.72517,-15.07133],[166.72604,-15.07106],[166.72632,-15.07101],[166.72661,-15.0711],[166.72768,-15.07163],[166.72889,-15.072],[166.72903,-15.07203],[166.73034,-15.07189],[166.73048,-15.07186],[166.7345,-15.07107],[166.73463,-15.07111],[166.73613,-15.07193],[166.73685,-15.07318],[166.7369,-15.07324],[166.73848,-15.07497],[166.73871,-15.07577],[166.7388,-15.07595],[166.73891,-15.07601],[166.74061,-15.07723],[166.74153,-15.07865],[166.74208,-15.07913],[166.74498,-15.08152],[166.74552,-15.08219],[166.74585,-15.083],[166.74483,-15.08826],[166.74313,-15.08975],[166.7426,-15.09132],[166.7426,-15.09133],[166.74291,-15.09242],[166.74299,-15.09286],[166.74332,-15.09373],[166.74323,-15.09489],[166.74308,-15.09591],[166.74295,-15.09631],[166.74314,-15.09906],[166.74304,-15.09942],[166.74238,-15.10073],[166.74229,-15.10101],[166.74293,-15.1024],[166.74306,-15.10252],[166.74404,-15.10423],[166.74408,-15.10508],[166.74419,-15.10652],[166.74401,-15.10732],[166.74408,-15.10765],[166.74427,-15.10789],[166.74525,-15.10821],[166.74557,-15.10873],[166.74603,-15.10996],[166.74616,-15.11016],[166.74758,-15.11095],[166.74759,-15.11096],[166.7474,-15.11188],[166.74708,-15.1121],[166.74544,-15.11528],[166.74542,-15.11542],[166.74283,-15.11648],[166.74256,-15.11662],[166.74272,-15.11775],[166.74252,-15.11844],[166.74222,-15.12042],[166.74258,-15.12097],[166.74327,-15.12088],[166.74347,-15.12092],[166.74402,-15.12199],[166.74394,-15.12231],[166.7438,-15.12281],[166.74335,-15.12333],[166.74276,-15.12514],[166.74176,-15.12567],[166.74144,-15.12608],[166.74137,-15.12634],[166.74131,-15.12653],[166.7409,-15.12666],[166.74088,-15.12666],[166.7396,-15.1259],[166.73811,-15.12581],[166.7369,-15.12545],[166.73686,-15.12543],[166.73685,-15.12544],[166.73549,-15.12617],[166.73532,-15.12623],[166.73499,-15.12635],[166.7343,-15.1273],[166.73387,-15.12736],[166.73351,-15.12787],[166.73419,-15.12989],[166.73407,-15.1299],[166.73461,-15.13079],[166.73488,-15.13101],[166.73584,-15.13484],[166.73784,-15.1358],[166.73812,-15.13587],[166.74065,-15.13564],[166.74071,-15.13566],[166.74104,-15.13587],[166.74138,-15.13631],[166.74008,-15.14392],[166.74009,-15.14398],[166.74047,-15.14432],[166.74066,-15.14445],[166.74114,-15.14473],[166.7412,-15.14481],[166.74151,-15.14655],[166.74163,-15.14664],[166.74423,-15.1524],[166.74686,-15.15451],[166.74714,-15.15484],[166.7479,-15.15686],[166.74811,-15.15729],[166.7489,-15.15795],[166.74923,-15.15846],[166.74864,-15.1596],[166.74865,-15.15983],[166.74991,-15.15999],[166.75017,-15.16022],[166.75043,-15.16092],[166.74906,-15.1628],[166.74861,-15.16338],[166.74595,-15.16353],[166.74594,-15.16419],[166.74555,-15.16626],[166.74544,-15.16733],[166.74586,-15.1704],[166.74576,-15.17065],[166.74579,-15.17259],[166.74595,-15.17381],[166.7467,-15.17565],[166.74767,-15.17691],[166.74803,-15.17757],[166.74835,-15.17817],[166.75214,-15.1867],[166.75235,-15.18898],[166.75283,-15.1913],[166.75297,-15.1915],[166.7537,-15.19252],[166.75393,-15.19339],[166.75274,-15.20802],[166.75349,-15.21025],[166.75537,-15.21543],[166.75687,-15.21543],[166.75705,-15.21546],[166.76142,-15.22018],[166.76318,-15.22262],[166.76409,-15.2243],[166.76412,-15.22593],[166.76422,-15.22688],[166.76428,-15.22744],[166.76471,-15.22876],[166.76473,-15.2297],[166.76478,-15.23],[166.77245,-15.23022],[166.83598,-15.23209],[166.85928,-15.23014],[166.91942,-15.22512],[166.9699,-15.22423],[166.9724,-15.22419],[166.97337,-15.22417],[166.97426,-15.22224],[166.9749,-15.22149],[166.9749,-15.21994],[166.9742,-15.21926],[166.97362,-15.21825],[166.97363,-15.2177],[166.97359,-15.21756],[166.97356,-15.21756],[166.97326,-15.21751],[166.97226,-15.21545],[166.97205,-15.21405],[166.9722,-15.21369],[166.97317,-15.21137],[166.97323,-15.20693],[166.97321,-15.20673],[166.97315,-15.20647],[166.97184,-15.20448],[166.97082,-15.20349],[166.96741,-15.2005],[166.96629,-15.19904],[166.96629,-15.1985],[166.96663,-15.19813],[166.96683,-15.19742],[166.96702,-15.19694],[166.96782,-15.1964],[166.96816,-15.196],[166.96794,-15.19535],[166.96716,-15.19263],[166.96777,-15.18851],[166.96853,-15.1874],[166.97244,-15.18505],[166.96911,-15.1842],[166.9689,-15.18199],[166.96898,-15.18159],[166.96898,-15.18065],[166.9678,-15.17951],[166.96787,-15.1785],[166.96933,-15.17681],[166.96943,-15.17647],[166.96934,-15.17601],[166.96818,-15.174],[166.96794,-15.17311],[166.96796,-15.17306],[166.9686,-15.17195],[166.9688,-15.17155],[166.96783,-15.16204],[166.96734,-15.16196],[166.96591,-15.16172],[166.96549,-15.16156],[166.96123,-15.16063],[166.95342,-15.16088],[166.94988,-15.16031],[166.92191,-15.17058],[166.90458,-15.16747],[166.87603,-15.17146],[166.85883,-15.16734],[166.84261,-15.16614],[166.83526,-15.16373],[166.82975,-15.16063],[166.82246,-15.15334],[166.81727,-15.12926],[166.81419,-15.1235],[166.81616,-15.1145],[166.81485,-15.09897],[166.80841,-15.08686],[166.80927,-15.07881],[166.80736,-15.07007],[166.81032,-15.06297],[166.81176,-15.04889],[166.80559,-15.05048],[166.80316,-15.05384],[166.80552,-15.04997],[166.81183,-15.04883],[166.79361,-15.02639],[166.78809,-15.01567],[166.78928,-15.00267],[166.79354,-14.99329],[166.79486,-14.98581],[166.7896,-14.97395],[166.78803,-14.96139],[166.78396,-14.95086],[166.78383,-14.94465],[166.78665,-14.93171],[166.7834,-14.92327],[166.78268,-14.91065],[166.77923,-14.90602],[166.77607,-14.89745],[166.77046,-14.87759],[166.76475,-14.86421],[166.76364,-14.85711],[166.75856,-14.85787],[166.76332,-14.85659],[166.75656,-14.84215],[166.75581,-14.83749],[166.75666,-14.83324],[166.76053,-14.82784],[166.76033,-14.82575],[166.75535,-14.82305],[166.75213,-14.81667],[166.74435,-14.82083],[166.73759,-14.81756],[166.73267,-14.80823],[166.72137,-14.80734],[166.71714,-14.80477],[166.70923,-14.79319],[166.70483,-14.78167],[166.70116,-14.77758],[166.69495,-14.77386],[166.69476,-14.76945],[166.68908,-14.75977],[166.68852,-14.75441],[166.68445,-14.75285],[166.68098,-14.74784],[166.68143,-14.73673],[166.67882,-14.73541],[166.67399,-14.72668],[166.66559,-14.72313],[166.65338,-14.71516],[166.64984,-14.7042],[166.6524,-14.697],[166.64852,-14.69151],[166.64201,-14.68804]]]},"properties":{"ADM1_EN":"SANMA","ADM2_EN":"Big Bay Coast"}},
{"type":"Feature","geometry":{"type":"Polygon","coordinates":[[[166.68422,-14.99096],[166.68636,-14.99226],[166.68724,-14.99233],[166.68801,-14.99285],[166.68923,-14.99204],[166.69014,-14.98978],[166.69059,-14.98905],[166.69166,-14.9888],[166.69169,-14.98877],[166.69253,-14.98716],[166.69271,-14.98704],[166.69339,-14.9867],[166.69668,-14.98484],[166.69762,-14.98451],[166.69918,-14.98391],[166.70072,-14.98429],[166.70091,-14.98411],[166.70172,-14.98314],[166.70195,-14.98211],[166.70453,-14.9804],[166.70619,-14.9797],[166.70716,-14.97935],[166.70963,-14.97682],[166.71183,-14.97498],[166.71184,-14.97496],[166.71208,-14.97353],[166.71362,-14.97216],[166.71362,-14.97208],[166.71367,-14.96954],[166.71369,-14.9695],[166.71402,-14.96926],[166.71477,-14.96841],[166.71477,-14.96836],[166.71461,-14.96815],[166.71429,-14.96704],[166.71466,-14.96642],[166.71631,-14.96562],[166.71901,-14.96368],[166.71881,-14.95982],[166.71784,-14.95951],[166.71652,-14.95667],[166.71822,-14.95485],[166.7178,-14.95243],[166.72132,-14.94874],[166.72165,-14.94799],[166.72208,-14.94384],[166.72213,-14.94155],[166.72133,-14.93954],[166.72126,-14.93847],[166.72095,-14.93511],[166.72067,-14.93409],[166.71978,-14.93291],[166.71958,-14.93266],[166.71826,-14.93154],[166.71778,-14.93075],[166.71678,-14.9289],[166.71633,-14.92753],[166.71577,-14.92394],[166.71574,-14.9239],[166.71505,-14.92251],[166.71503,-14.92249],[166.71434,-14.9218],[166.71377,-14.92028],[166.714,-14.91932],[166.71402,-14.91921],[166.71402,-14.91835],[166.71383,-14.91803],[166.71306,-14.91187],[166.71306,-14.91155],[166.71299,-14.90901],[166.7131,-14.90794],[166.71161,-14.90541],[166.7114,-14.90513],[166.71065,-14.90392],[166.71053,-14.90329],[166.70924,-14.89993],[166.70919,-14.8995],[166.70775,-14.8982],[166.70761,-14.89827],[166.70704,-14.89788],[166.70688,-14.89735],[166.70668,-14.89706],[166.70651,-14.89679],[166.70661,-14.89635],[166.70664,-14.8962],[166.70482,-14.89305],[166.7044,-14.89256],[166.70097,-14.88985],[166.69995,-14.88797],[166.69864,-14.88278],[166.69876,-14.88128],[166.6988,-14.8785],[166.69853,-14.87758],[166.69805,-14.87654],[166.69786,-14.87623],[166.69701,-14.87441],[166.69699,-14.87426],[166.69777,-14.87236],[166.6981,-14.87134],[166.69833,-14.87065],[166.69836,-14.8703],[166.69818,-14.86969],[166.69802,-14.86944],[166.69583,-14.86574],[166.69597,-14.86466],[166.69618,-14.86377],[166.696,-14.86246],[166.69577,-14.86143],[166.69513,-14.86047],[166.69401,-14.86035],[166.69034,-14.86152],[166.68914,-14.86358],[166.68904,-14.86371],[166.68845,-14.86438],[166.68761,-14.86496],[166.68737,-14.86506],[166.6867,-14.86513],[166.6822,-14.86632],[166.6816,-14.86626],[166.68066,-14.86628],[166.67749,-14.86543],[166.67652,-14.8636],[166.67629,-14.86347],[166.67573,-14.86315],[166.6757,-14.86313],[166.67537,-14.86327],[166.67514,-14.8634],[166.67501,-14.86349],[166.6743,-14.86416],[166.67218,-14.86167],[166.67139,-14.86064],[166.6711,-14.85977],[166.671,-14.85868],[166.67072,-14.85773],[166.67024,-14.85674],[166.67014,-14.85664],[166.6693,-14.85554],[166.66846,-14.85517],[166.66636,-14.85636],[166.66569,-14.8566],[166.66567,-14.8566],[166.66462,-14.85643],[166.66337,-14.85602],[166.66302,-14.85605],[166.6625,-14.85607],[166.66142,-14.85486],[166.66136,-14.85466],[166.6612,-14.85384],[166.66121,-14.85373],[166.66132,-14.85325],[166.66156,-14.85173],[166.6616,-14.85121],[166.66165,-14.85094],[166.66158,-14.85051],[166.66138,-14.85032],[166.65723,-14.84772],[166.65696,-14.84772],[166.65643,-14.84779],[166.65513,-14.84842],[166.65508,-14.84842],[166.65504,-14.8484],[166.65428,-14.84712],[166.65448,-14.84665],[166.65418,-14.84579],[166.65412,-14.84579],[166.65164,-14.84454],[166.65152,-14.84438],[166.65116,-14.84278],[166.65084,-14.84153],[166.64947,-14.83868],[166.64954,-14.83843],[166.64982,-14.83475],[166.65125,-14.8343],[166.65178,-14.8347],[166.65181,-14.83471],[166.65205,-14.83471],[166.65373,-14.83439],[166.6539,-14.83443],[166.65445,-14.83451],[166.65463,-14.83449],[166.65734,-14.83374],[166.65736,-14.83373],[166.65757,-14.83282],[166.65765,-14.83233],[166.65736,-14.82932],[166.65736,-14.82921],[166.65748,-14.82852],[166.66013,-14.82661],[166.65945,-14.82298],[166.65853,-14.82163],[166.65855,-14.82109],[166.65789,-14.8207],[166.65756,-14.82036],[166.65632,-14.81774],[166.6564,-14.81755],[166.65747,-14.81129],[166.65753,-14.80947],[166.65763,-14.80862],[166.65763,-14.80849],[166.65725,-14.80688],[166.6568,-14.8037],[166.65777,-14.80119],[166.65819,-14.80039],[166.65933,-14.79878],[166.65907,-14.79843],[166.65729,-14.79738],[166.65682,-14.79694],[166.65368,-14.79654],[166.65308,-14.79673],[166.65074,-14.79732],[166.65068,-14.79731],[166.6491,-14.79698],[166.64881,-14.7966],[166.64853,-14.79613],[166.64824,-14.79594],[166.64668,-14.79596],[166.64547,-14.79623],[166.64498,-14.79613],[166.64497,-14.79612],[166.64319,-14.79617],[166.64221,-14.79602],[166.64141,-14.79597],[166.6414,-14.79596],[166.64121,-14.79522],[166.64078,-14.79474],[166.63953,-14.7937],[166.6395,-14.79371],[166.638,-14.79474],[166.63699,-14.79543],[166.63616,-14.79542],[166.63546,-14.79519],[166.63072,-14.79311],[166.62926,-14.79216],[166.62651,-14.79105],[166.6258,-14.79047],[166.62491,-14.78992],[166.62496,-14.78976],[166.62548,-14.78917],[166.62553,-14.78914],[166.62524,-14.78848],[166.62512,-14.7884],[166.62453,-14.78818],[166.62426,-14.78813],[166.62324,-14.78673],[166.62314,-14.78665],[166.62274,-14.78656],[166.62252,-14.78655],[166.62177,-14.78407],[166.6213,-14.781],[166.62135,-14.7799],[166.62127,-14.77922],[166.62154,-14.77773],[166.62154,-14.77738],[166.62152,-14.77689],[166.6214,-14.77624],[166.62027,-14.77382],[166.62005,-14.77354],[166.61951,-14.77224],[166.61952,-14.77186],[166.61944,-14.77036],[166.6189,-14.76889],[166.6186,-14.76862],[166.61808,-14.7683],[166.61707,-14.76794],[166.61688,-14.76785],[166.61587,-14.76674],[166.61631,-14.76657],[166.61651,-14.76649],[166.61651,-14.76648],[166.61608,-14.76579],[166.61514,-14.76516],[166.61397,-14.7639],[166.61329,-14.76393],[166.61172,-14.76363],[166.61053,-14.76396],[166.61019,-14.76416],[166.60998,-14.76427],[166.60712,-14.76185],[166.60694,-14.76161],[166.60575,-14.76157],[166.60572,-14.76156],[166.60317,-14.75905],[166.60315,-14.75892],[166.60307,-14.75843],[166.60261,-14.75791],[166.60233,-14.7577],[166.60228,-14.75754],[166.60257,-14.75625],[166.60268,-14.75557],[166.60284,-14.75463],[166.60292,-14.75412],[166.603,-14.75354],[166.60303,-14.75328],[166.60313,-14.75288],[166.60336,-14.75238],[166.60292,-14.75066],[166.60191,-14.74899],[166.60029,-14.74757],[166.60006,-14.74756],[166.59909,-14.74516],[166.60352,-14.7404],[166.60355,-14.74038],[166.60572,-14.73639],[166.60357,-14.73411],[166.60353,-14.73411],[166.60337,-14.73337],[166.6034,-14.7333],[166.60274,-14.73229],[166.60277,-14.73221],[166.60316,-14.73152],[166.60327,-14.73137],[166.60329,-14.73132],[166.60331,-14.73112],[166.60319,-14.73069],[166.60296,-14.72952],[166.60292,-14.72883],[166.60313,-14.72834],[166.60365,-14.72759],[166.60547,-14.72634],[166.60632,-14.72595],[166.60734,-14.72615],[166.60731,-14.72584],[166.60722,-14.72534],[166.60684,-14.72452],[166.60751,-14.72396],[166.60779,-14.72394],[166.60806,-14.72382],[166.60823,-14.7236],[166.60849,-14.72332],[166.60859,-14.72279],[166.60853,-14.72234],[166.60851,-14.72231],[166.60812,-14.72198],[166.60839,-14.72124],[166.60841,-14.72087],[166.60852,-14.72036],[166.60769,-14.71878],[166.60755,-14.71839],[166.60736,-14.71737],[166.60742,-14.71734],[166.60773,-14.71686],[166.60775,-14.71685],[166.60783,-14.71682],[166.60916,-14.7165],[166.60999,-14.71627],[166.61001,-14.71625],[166.61014,-14.71608],[166.61024,-14.71587],[166.61049,-14.71536],[166.61217,-14.71256],[166.6124,-14.71207],[166.61245,-14.71194],[166.61258,-14.71154],[166.61339,-14.7105],[166.61486,-14.70903],[166.61615,-14.70769],[166.61634,-14.70746],[166.61639,-14.70741],[166.61694,-14.70706],[166.61742,-14.70663],[166.61801,-14.7063],[166.61884,-14.70483],[166.61925,-14.70438],[166.61954,-14.70429],[166.61965,-14.70423],[166.61978,-14.70414],[166.62035,-14.70419],[166.62042,-14.70417],[166.62061,-14.70408],[166.62072,-14.70393],[166.62132,-14.70356],[166.62149,-14.70351],[166.62158,-14.70347],[166.62189,-14.70293],[166.62333,-14.70161],[166.62355,-14.70148],[166.62367,-14.7014],[166.62425,-14.70104],[166.62441,-14.70098],[166.62471,-14.70101],[166.62505,-14.70099],[166.62642,-14.70026],[166.62695,-14.70036],[166.62728,-14.70019],[166.62767,-14.70019],[166.62812,-14.70004],[166.62815,-14.70003],[166.63005,-14.69819],[166.63178,-14.69711],[166.63187,-14.69691],[166.63302,-14.69516],[166.63305,-14.69491],[166.63322,-14.69383],[166.63341,-14.69388],[166.63486,-14.69397],[166.63577,-14.6925],[166.63748,-14.69278],[166.63806,-14.69228],[166.63809,-14.69227],[166.63855,-14.69202],[166.6386,-14.69126],[166.63861,-14.6906],[166.63864,-14.69026],[166.63877,-14.69019],[166.63903,-14.69013],[166.63943,-14.69027],[166.63955,-14.69026],[166.64184,-14.68813],[166.64201,-14.68804],[166.64399,-14.68528],[166.6433,-14.68119],[166.63644,-14.67999],[166.63744,-14.67518],[166.63509,-14.67012],[166.63081,-14.66957],[166.63001,-14.66806],[166.62321,-14.66588],[166.62384,-14.6552],[166.62026,-14.6538],[166.61819,-14.65047],[166.6222,-14.64538],[166.61895,-14.64392],[166.61383,-14.64421],[166.60848,-14.6505],[166.60359,-14.65208],[166.60372,-14.65653],[166.59599,-14.65804],[166.5931,-14.66163],[166.591,-14.66134],[166.58923,-14.66448],[166.58686,-14.66547],[166.58516,-14.66982],[166.57679,-14.67128],[166.57495,-14.67598],[166.57377,-14.67601],[166.57052,-14.68614],[166.57498,-14.68693],[166.57213,-14.69528],[166.5761,-14.69928],[166.57429,-14.69871],[166.57186,-14.70255],[166.56914,-14.70347],[166.57019,-14.70497],[166.56635,-14.70487],[166.56549,-14.70757],[166.55903,-14.71386],[166.55955,-14.71732],[166.55637,-14.71928],[166.55437,-14.72786],[166.55598,-14.73722],[166.5526,-14.74281],[166.5544,-14.75252],[166.5563,-14.75515],[166.55158,-14.75874],[166.55128,-14.76071],[166.55292,-14.76325],[166.55128,-14.76471],[166.55053,-14.76902],[166.55345,-14.77401],[166.55319,-14.77826],[166.54885,-14.78657],[166.55099,-14.79505],[166.54931,-14.80181],[166.54971,-14.81996],[166.54682,-14.8337],[166.54508,-14.83528],[166.5458,-14.83703],[166.54403,-14.83795],[166.54488,-14.84084],[166.54134,-14.84607],[166.55194,-14.85997],[166.5543,-14.87897],[166.56438,-14.90682],[166.56799,-14.91088],[166.56723,-14.91342],[166.5717,-14.92426],[166.57071,-14.92661],[166.57203,-14.93175],[166.57469,-14.93372],[166.57807,-14.94684],[166.58043,-14.95027],[166.57892,-14.95297],[166.58164,-14.95744],[166.59254,-14.96812],[166.60629,-14.99022],[166.60816,-14.99621],[166.60692,-15.00008],[166.61033,-15.00912],[166.61296,-15.0296],[166.61214,-15.03635],[166.61342,-15.04798],[166.61181,-15.04954],[166.61217,-15.05426],[166.61607,-15.06199],[166.61706,-15.06798],[166.62262,-15.07828],[166.62261,-15.07828],[166.62474,-15.07787],[166.62562,-15.07769],[166.62673,-15.07735],[166.62886,-15.07709],[166.63038,-15.07604],[166.63082,-15.07583],[166.63096,-15.07577],[166.63332,-15.0752],[166.63414,-15.07417],[166.63659,-15.07264],[166.63823,-15.07244],[166.63877,-15.0724],[166.63981,-15.07214],[166.64071,-15.07171],[166.64208,-15.06947],[166.64381,-15.06762],[166.64421,-15.06724],[166.64586,-15.06666],[166.64693,-15.06667],[166.64839,-15.06623],[166.6497,-15.06605],[166.64993,-15.06619],[166.65317,-15.06711],[166.65376,-15.06746],[166.6548,-15.0675],[166.65513,-15.06742],[166.65563,-15.06736],[166.6563,-15.0675],[166.65891,-15.0693],[166.65988,-15.07024],[166.66045,-15.07055],[166.66056,-15.07061],[166.66421,-15.06967],[166.66472,-15.06887],[166.66475,-15.0688],[166.66467,-15.06748],[166.66448,-15.06557],[166.66449,-15.06556],[166.66706,-15.06385],[166.66857,-15.06405],[166.66861,-15.06402],[166.66977,-15.06351],[166.67002,-15.06348],[166.67044,-15.06348],[166.67149,-15.06364],[166.67281,-15.06267],[166.67315,-15.0627],[166.67417,-15.06314],[166.67435,-15.06324],[166.67511,-15.0635],[166.67687,-15.06322],[166.67988,-15.06246],[166.68017,-15.06254],[166.68097,-15.06178],[166.68115,-15.06113],[166.68131,-15.06055],[166.68138,-15.05982],[166.68142,-15.05777],[166.68195,-15.05774],[166.68257,-15.05792],[166.68268,-15.05784],[166.68323,-15.05667],[166.68347,-15.05607],[166.68354,-15.05602],[166.68414,-15.056],[166.68426,-15.05606],[166.68474,-15.05635],[166.68488,-15.0564],[166.6858,-15.056],[166.68675,-15.05495],[166.68742,-15.054],[166.68834,-15.05369],[166.68934,-15.0528],[166.69002,-15.05259],[166.69084,-15.05225],[166.69172,-15.0518],[166.69232,-15.05133],[166.6927,-15.051],[166.69271,-15.05098],[166.69292,-15.04984],[166.69277,-15.04967],[166.69222,-15.04891],[166.69217,-15.04879],[166.69209,-15.04734],[166.69209,-15.04642],[166.69075,-15.04109],[166.69203,-15.03895],[166.69228,-15.03869],[166.69441,-15.03758],[166.69538,-15.03537],[166.69538,-15.0353],[166.6966,-15.03332],[166.69662,-15.03327],[166.69738,-15.03223],[166.69814,-15.03235],[166.6985,-15.03243],[166.69872,-15.03289],[166.70223,-15.03251],[166.70338,-15.03067],[166.7041,-15.02728],[166.70257,-15.02539],[166.70179,-15.02438],[166.7016,-15.02332],[166.70058,-15.02247],[166.69617,-15.02175],[166.69299,-15.02165],[166.69,-15.02181],[166.68988,-15.02184],[166.68888,-15.02204],[166.68854,-15.02221],[166.68633,-15.02297],[166.68447,-15.0232],[166.6816,-15.02365],[166.68149,-15.02347],[166.67985,-15.02109],[166.68291,-15.01314],[166.68296,-15.01281],[166.68267,-15.01188],[166.68247,-15.01157],[166.6808,-15.01116],[166.67943,-15.01096],[166.67802,-15.00981],[166.6779,-15.0096],[166.67519,-15.00818],[166.67495,-15.00807],[166.67501,-15.00688],[166.67501,-15.00668],[166.67232,-15.00324],[166.67231,-15.00303],[166.67012,-14.99866],[166.66993,-14.99785],[166.66979,-14.99407],[166.66876,-14.99227],[166.66826,-14.99034],[166.66975,-14.99044],[166.67174,-14.9901],[166.67413,-14.98733],[166.67614,-14.98712],[166.67647,-14.98721],[166.68029,-14.98712],[166.68118,-14.98727],[166.68288,-14.98761],[166.6831,-14.98771],[166.68422,-14.99096]]]},"properties":{"ADM1_EN":"SANMA","ADM2_EN":"North West Santo"}},
{"type":"Feature","geometry":{"type":"Polygon","coordinates":[[[166.69382,-15.04857],[166.69292,-15.04984],[166.69271,-15.05098],[166.6927,-15.051],[166.69232,-15.05133],[166.69172,-15.0518],[166.69084,-15.05225],[166.69002,-15.05259],[166.68934,-15.0528],[166.68834,-15.05369],[166.68742,-15.054],[166.68675,-15.05495],[166.6858,-15.056],[166.68488,-15.0564],[166.68474,-15.05635],[166.68426,-15.05606],[166.68414,-15.056],[166.68354,-15.05602],[166.68347,-15.05607],[166.68323,-15.05667],[166.68268,-15.05784],[166.68257,-15.05792],[166.68195,-15.05774],[166.68142,-15.05777],[166.68138,-15.05982],[166.68131,-15.06055],[166.68115,-15.06113],[166.68097,-15.06178],[166.68017,-15.06254],[166.67988,-15.06246],[166.67687,-15.06322],[166.67511,-15.0635],[166.67435,-15.06324],[166.67417,-15.06314],[166.67315,-15.0627],[166.67281,-15.06267],[166.67149,-15.06364],[166.67044,-15.06348],[166.67002,-15.06348],[166.66977,-15.06351],[166.66861,-15.06402],[166.66857,-15.06405],[166.66706,-15.06385],[166.66449,-15.06556],[166.66448,-15.06557],[166.66467,-15.06748],[166.66475,-15.0688],[166.66472,-15.06887],[166.66421,-15.06967],[166.66056,-15.07061],[166.66045,-15.07055],[166.65988,-15.07024],[166.65891,-15.0693],[166.6563,-15.0675],[166.65563,-15.06736],[166.65513,-15.06742],[166.6548,-15.0675],[166.65376,-15.06746],[166.65317,-15.06711],[166.64993,-15.06619],[166.6497,-15.06605],[166.64839,-15.06623],[166.64693,-15.06667],[166.64586,-15.06666],[166.64421,-15.06724],[166.64381,-15.06762],[166.64208,-15.06947],[166.64071,-15.07171],[166.63981,-15.07214],[166.63877,-15.0724],[166.63823,-15.07244],[166.63659,-15.07264],[166.63414,-15.07417],[166.63332,-15.0752],[166.63096,-15.07577],[166.63082,-15.07583],[166.63038,-15.07604],[166.62886,-15.07709],[166.62673,-15.07735],[166.62562,-15.07769],[166.62474,-15.07787],[166.62261,-15.07828],[166.62262,-15.07828],[166.62513,-15.08476],[166.62513,-15.09312],[166.62683,-15.09883],[166.63484,-15.11049],[166.63379,-15.11695],[166.63694,-15.12202],[166.6376,-15.12811],[166.63602,-15.12874],[166.63825,-15.13457],[166.63484,-15.14205],[166.63734,-15.14788],[166.63681,-15.14902],[166.63418,-15.14876],[166.63891,-15.15459],[166.63799,-15.15725],[166.63615,-15.15802],[166.6481,-15.17956],[166.65795,-15.20338],[166.65769,-15.20667],[166.65966,-15.20971],[166.6586,-15.21377],[166.66084,-15.21339],[166.6632,-15.21719],[166.66976,-15.23112],[166.67357,-15.2448],[166.67338,-15.26532],[166.66832,-15.28337],[166.66251,-15.29771],[166.66537,-15.3111],[166.66648,-15.3395],[166.66189,-15.35248],[166.66018,-15.35403],[166.66051,-15.35726],[166.64748,-15.37943],[166.64731,-15.3961],[166.64945,-15.39965],[166.65805,-15.40436],[166.6634,-15.41126],[166.66569,-15.415],[166.66973,-15.43205],[166.67479,-15.44005],[166.6848,-15.45138],[166.70301,-15.47931],[166.70767,-15.48994],[166.71027,-15.5068],[166.71135,-15.50658],[166.71293,-15.51249],[166.72041,-15.52514],[166.72455,-15.53071],[166.73177,-15.53545],[166.73557,-15.54437],[166.74194,-15.54671],[166.74719,-15.55253],[166.75546,-15.55341],[166.75875,-15.55803],[166.75835,-15.56524],[166.76157,-15.56581],[166.76521,-15.56863],[166.76591,-15.56804],[166.76644,-15.56724],[166.76765,-15.56469],[166.76801,-15.56427],[166.7685,-15.56375],[166.76979,-15.56187],[166.77052,-15.56108],[166.77061,-15.56095],[166.77072,-15.56081],[166.77259,-15.55938],[166.77321,-15.5591],[166.77339,-15.55904],[166.77429,-15.55948],[166.77461,-15.5593],[166.77963,-15.55761],[166.78031,-15.55682],[166.78052,-15.55667],[166.78089,-15.55649],[166.78226,-15.55568],[166.78273,-15.55511],[166.78303,-15.55474],[166.78221,-15.55326],[166.78271,-15.55277],[166.78271,-15.55202],[166.78351,-15.54967],[166.78411,-15.54635],[166.78425,-15.54464],[166.78555,-15.5429],[166.78652,-15.54208],[166.7869,-15.54194],[166.78733,-15.54145],[166.78758,-15.54059],[166.78933,-15.53851],[166.78975,-15.53755],[166.7919,-15.53659],[166.78991,-15.53308],[166.78758,-15.53237],[166.7875,-15.53231],[166.78688,-15.53123],[166.7877,-15.52988],[166.78813,-15.52928],[166.78962,-15.52797],[166.78968,-15.52779],[166.78968,-15.52748],[166.78945,-15.52633],[166.7913,-15.52439],[166.792,-15.52372],[166.79231,-15.52333],[166.79264,-15.52266],[166.79341,-15.51932],[166.79462,-15.51917],[166.79489,-15.51891],[166.79484,-15.51832],[166.79461,-15.51722],[166.7946,-15.51702],[166.7951,-15.51689],[166.7961,-15.51528],[166.79544,-15.51414],[166.79428,-15.51392],[166.79465,-15.51326],[166.79474,-15.51315],[166.7952,-15.51215],[166.79542,-15.51131],[166.79518,-15.51088],[166.79449,-15.50962],[166.79426,-15.50763],[166.79439,-15.50646],[166.79411,-15.50535],[166.7939,-15.50504],[166.79322,-15.50446],[166.7932,-15.50441],[166.79315,-15.50396],[166.79356,-15.50295],[166.79374,-15.50009],[166.79373,-15.50004],[166.79354,-15.49936],[166.79367,-15.49799],[166.79372,-15.49785],[166.79378,-15.49633],[166.79296,-15.49405],[166.79221,-15.49296],[166.79036,-15.49031],[166.78976,-15.48883],[166.78946,-15.48804],[166.78973,-15.48649],[166.78973,-15.48617],[166.78931,-15.48539],[166.78927,-15.48534],[166.7883,-15.48229],[166.78829,-15.48222],[166.786,-15.48181],[166.78343,-15.4819],[166.78345,-15.48173],[166.78427,-15.47981],[166.78776,-15.47536],[166.78697,-15.47355],[166.78699,-15.47351],[166.78707,-15.47338],[166.78743,-15.47284],[166.78732,-15.47272],[166.78618,-15.47151],[166.78613,-15.47145],[166.78555,-15.47061],[166.78578,-15.46827],[166.78625,-15.46686],[166.78612,-15.46469],[166.78606,-15.46415],[166.78595,-15.46223],[166.78571,-15.46124],[166.78644,-15.45932],[166.7868,-15.45836],[166.78776,-15.45646],[166.78801,-15.45583],[166.78809,-15.4517],[166.78646,-15.45038],[166.78639,-15.45036],[166.78376,-15.44936],[166.78344,-15.44774],[166.78321,-15.4474],[166.78307,-15.44731],[166.78154,-15.4459],[166.7801,-15.44539],[166.77887,-15.44402],[166.77877,-15.44385],[166.77809,-15.44231],[166.77797,-15.44186],[166.77735,-15.44022],[166.77767,-15.43529],[166.77759,-15.43462],[166.77749,-15.4327],[166.77753,-15.43219],[166.77981,-15.42737],[166.78049,-15.42685],[166.7803,-15.42109],[166.78034,-15.42097],[166.78125,-15.42044],[166.78142,-15.42034],[166.78067,-15.41943],[166.78134,-15.41905],[166.7814,-15.419],[166.78225,-15.41746],[166.77988,-15.41575],[166.77961,-15.41367],[166.77969,-15.41351],[166.78082,-15.4131],[166.78122,-15.413],[166.78133,-15.41287],[166.78139,-15.41192],[166.78247,-15.41084],[166.7825,-15.41074],[166.78119,-15.40853],[166.78111,-15.40781],[166.77794,-15.40515],[166.77763,-15.40505],[166.7759,-15.40451],[166.77541,-15.40462],[166.77488,-15.40503],[166.77491,-15.40518],[166.77383,-15.40645],[166.77216,-15.40654],[166.76925,-15.40403],[166.76916,-15.40392],[166.76713,-15.40058],[166.76785,-15.39821],[166.768,-15.39772],[166.76748,-15.39721],[166.76623,-15.3969],[166.76565,-15.39803],[166.76553,-15.39808],[166.76237,-15.39747],[166.76234,-15.3975],[166.7596,-15.39797],[166.75851,-15.39761],[166.75643,-15.39618],[166.7558,-15.39504],[166.7551,-15.39338],[166.75444,-15.39055],[166.75441,-15.39044],[166.75394,-15.38813],[166.75306,-15.3868],[166.7524,-15.38635],[166.75147,-15.38483],[166.75024,-15.38342],[166.7496,-15.38276],[166.749,-15.38246],[166.7474,-15.38166],[166.74732,-15.38123],[166.74813,-15.38028],[166.74843,-15.37977],[166.74977,-15.37813],[166.75061,-15.37766],[166.75115,-15.37742],[166.75289,-15.37651],[166.75448,-15.37484],[166.75419,-15.37116],[166.75411,-15.37055],[166.7543,-15.37022],[166.75438,-15.37006],[166.75513,-15.36855],[166.75503,-15.36825],[166.75392,-15.3667],[166.75285,-15.36498],[166.74857,-15.36022],[166.742,-15.3612],[166.73806,-15.35966],[166.73728,-15.35849],[166.73728,-15.35848],[166.73595,-15.35832],[166.73545,-15.35819],[166.7331,-15.35052],[166.73236,-15.34912],[166.73236,-15.34813],[166.73232,-15.34737],[166.7316,-15.34642],[166.73106,-15.34528],[166.73087,-15.34514],[166.73037,-15.34494],[166.73018,-15.34486],[166.73067,-15.34412],[166.7321,-15.34103],[166.73479,-15.3399],[166.73611,-15.33752],[166.73857,-15.33656],[166.73907,-15.33665],[166.73958,-15.3368],[166.73991,-15.33692],[166.74083,-15.33679],[166.74161,-15.33654],[166.7405,-15.3323],[166.73831,-15.33131],[166.73797,-15.33104],[166.73805,-15.33086],[166.73859,-15.32997],[166.73928,-15.32877],[166.73912,-15.32832],[166.73848,-15.3266],[166.73885,-15.32522],[166.73805,-15.32448],[166.73779,-15.32427],[166.73715,-15.32179],[166.73794,-15.32128],[166.73918,-15.32147],[166.7407,-15.32059],[166.74238,-15.3204],[166.74272,-15.32011],[166.74311,-15.31968],[166.74325,-15.31949],[166.74298,-15.31867],[166.74322,-15.31645],[166.74308,-15.31398],[166.74469,-15.31038],[166.7448,-15.3102],[166.74413,-15.30783],[166.74474,-15.30767],[166.74477,-15.30766],[166.7452,-15.30702],[166.74507,-15.3059],[166.74518,-15.30511],[166.74526,-15.30484],[166.74551,-15.30432],[166.74693,-15.30307],[166.75028,-15.30189],[166.75192,-15.30019],[166.75229,-15.29991],[166.75315,-15.29925],[166.75366,-15.29841],[166.75383,-15.29841],[166.75432,-15.29838],[166.75581,-15.29754],[166.75611,-15.2984],[166.7565,-15.29867],[166.75692,-15.29887],[166.7588,-15.29818],[166.75903,-15.29667],[166.76052,-15.29494],[166.76081,-15.29592],[166.76158,-15.29638],[166.76359,-15.29577],[166.7644,-15.29373],[166.7652,-15.29251],[166.76537,-15.29233],[166.76541,-15.29232],[166.76603,-15.29217],[166.76722,-15.29063],[166.76594,-15.28754],[166.76556,-15.28662],[166.7651,-15.28573],[166.76338,-15.28413],[166.76298,-15.28278],[166.76295,-15.2824],[166.76405,-15.28071],[166.76729,-15.28016],[166.76848,-15.27944],[166.77004,-15.27955],[166.7705,-15.27645],[166.76798,-15.26901],[166.7696,-15.26489],[166.7737,-15.26153],[166.77586,-15.25966],[166.77589,-15.25963],[166.77698,-15.25824],[166.7766,-15.25035],[166.77636,-15.2484],[166.7742,-15.24729],[166.77335,-15.24707],[166.77365,-15.24175],[166.76478,-15.23],[166.76473,-15.2297],[166.76471,-15.22876],[166.76428,-15.22744],[166.76422,-15.22688],[166.76412,-15.22593],[166.76409,-15.2243],[166.76318,-15.22262],[166.76142,-15.22018],[166.75705,-15.21546],[166.75687,-15.21543],[166.75537,-15.21543],[166.75349,-15.21025],[166.75274,-15.20802],[166.75393,-15.19339],[166.7537,-15.19252],[166.75297,-15.1915],[166.75283,-15.1913],[166.75235,-15.18898],[166.75214,-15.1867],[166.74835,-15.17817],[166.74803,-15.17757],[166.74767,-15.17691],[166.7467,-15.17565],[166.74595,-15.17381],[166.74579,-15.17259],[166.74576,-15.17065],[166.74586,-15.1704],[166.74544,-15.16733],[166.74555,-15.16626],[166.74594,-15.16419],[166.74595,-15.16353],[166.74861,-15.16338],[166.74906,-15.1628],[166.75043,-15.16092],[166.75017,-15.16022],[166.74991,-15.15999],[166.74865,-15.15983],[166.74864,-15.1596],[166.74923,-15.15846],[166.7489,-15.15795],[166.74811,-15.15729],[166.7479,-15.15686],[166.74714,-15.15484],[166.74686,-15.15451],[166.74423,-15.1524],[166.74163,-15.14664],[166.74151,-15.14655],[166.7412,-15.14481],[166.74114,-15.14473],[166.74066,-15.14445],[166.74047,-15.14432],[166.74009,-15.14398],[166.74008,-15.14392],[166.74138,-15.13631],[166.74104,-15.13587],[166.74071,-15.13566],[166.74065,-15.13564],[166.73812,-15.13587],[166.73784,-15.1358],[166.73584,-15.13484],[166.73488,-15.13101],[166.73461,-15.13079],[166.73407,-15.1299],[166.73419,-15.12989],[166.73351,-15.12787],[166.73387,-15.12736],[166.7343,-15.1273],[166.73499,-15.12635],[166.73532,-15.12623],[166.73549,-15.12617],[166.73685,-15.12544],[166.73686,-15.12543],[166.7369,-15.12545],[166.73811,-15.12581],[166.7396,-15.1259],[166.74088,-15.12666],[166.7409,-15.12666],[166.74131,-15.12653],[166.74137,-15.12634],[166.74144,-15.12608],[166.74176,-15.12567],[166.74276,-15.12514],[166.74335,-15.12333],[166.7438,-15.12281],[166.74394,-15.12231],[166.74402,-15.12199],[166.74347,-15.12092],[166.74327,-15.12088],[166.74258,-15.12097],[166.74222,-15.12042],[166.74252,-15.11844],[166.74272,-15.11775],[166.74256,-15.11662],[166.74283,-15.11648],[166.74542,-15.11542],[166.74544,-15.11528],[166.74708,-15.1121],[166.7474,-15.11188],[166.74759,-15.11096],[166.74758,-15.11095],[166.74616,-15.11016],[166.74603,-15.10996],[166.74557,-15.10873],[166.74525,-15.10821],[166.74427,-15.10789],[166.74408,-15.10765],[166.74401,-15.10732],[166.74419,-15.10652],[166.74408,-15.10508],[166.74404,-15.10423],[166.74306,-15.10252],[166.74293,-15.1024],[166.74229,-15.10101],[166.74238,-15.10073],[166.74304,-15.09942],[166.74314,-15.09906],[166.74295,-15.09631],[166.74308,-15.09591],[166.74323,-15.09489],[166.74332,-15.09373],[166.74299,-15.09286],[166.74291,-15.09242],[166.7426,-15.09133],[166.7426,-15.09132],[166.74313,-15.08975],[166.74483,-15.08826],[166.74585,-15.083],[166.74552,-15.08219],[166.74498,-15.08152],[166.74208,-15.07913],[166.74153,-15.07865],[166.74061,-15.07723],[166.73891,-15.07601],[166.7388,-15.07595],[166.73871,-15.07577],[166.73848,-15.07497],[166.7369,-15.07324],[166.73685,-15.07318],[166.73613,-15.07193],[166.73463,-15.07111],[166.7345,-15.07107],[166.73048,-15.07186],[166.73034,-15.07189],[166.72903,-15.07203],[166.72889,-15.072],[166.72768,-15.07163],[166.72661,-15.0711],[166.72632,-15.07101],[166.72604,-15.07106],[166.72517,-15.07133],[166.72504,-15.07136],[166.72316,-15.07089],[166.72156,-15.06917],[166.72126,-15.06855],[166.72071,-15.06762],[166.7204,-15.06649],[166.7204,-15.06631],[166.72039,-15.06512],[166.72033,-15.0642],[166.71916,-15.06184],[166.71884,-15.06161],[166.7137,-15.05693],[166.71285,-15.05601],[166.71249,-15.05559],[166.71182,-15.05462],[166.71112,-15.05375],[166.70882,-15.05064],[166.70014,-15.04661],[166.69997,-15.04655],[166.69505,-15.04831],[166.69395,-15.04851],[166.69382,-15.04857]]]},"properties":{"ADM1_EN":"SANMA","ADM2_EN":"West Santo"}},
{"type":"Feature","geometry":{"type":"Polygon","coordinates":[[[166.9699,-15.22423],[166.91984,-15.22532],[166.85928,-15.23014],[166.83598,-15.23209],[166.77245,-15.23022],[166.76485,-15.23001],[166.77365,-15.24175],[166.77335,-15.24707],[166.7742,-15.24729],[166.77636,-15.2484],[166.7766,-15.25035],[166.77698,-15.25824],[166.77589,-15.25963],[166.77586,-15.25966],[166.7737,-15.26153],[166.7696,-15.26489],[166.76798,-15.26901],[166.7705,-15.27307],[166.7705,-15.27645],[166.77004,-15.27955],[166.76848,-15.27944],[166.76729,-15.28016],[166.76405,-15.28071],[166.76295,-15.2824],[166.76298,-15.28278],[166.76338,-15.28413],[166.7651,-15.28573],[166.76556,-15.28662],[166.76594,-15.28754],[166.76722,-15.29063],[166.76603,-15.29217],[166.76541,-15.29232],[166.76537,-15.29233],[166.7652,-15.29251],[166.7644,-15.29373],[166.76359,-15.29577],[166.76158,-15.29638],[166.76081,-15.29592],[166.76052,-15.29494],[166.75903,-15.29667],[166.7588,-15.29818],[166.75692,-15.29887],[166.7565,-15.29867],[166.75611,-15.2984],[166.75581,-15.29754],[166.75432,-15.29838],[166.75383,-15.29841],[166.75366,-15.29841],[166.75315,-15.29925],[166.75229,-15.29991],[166.75192,-15.30019],[166.75028,-15.30189],[166.74693,-15.30307],[166.74551,-15.30432],[166.74526,-15.30484],[166.74518,-15.30511],[166.74507,-15.3059],[166.7452,-15.30702],[166.74477,-15.30766],[166.74474,-15.30767],[166.74413,-15.30783],[166.7448,-15.3102],[166.74469,-15.31038],[166.74308,-15.31398],[166.74322,-15.31645],[166.74298,-15.31867],[166.74325,-15.31949],[166.74311,-15.31968],[166.74272,-15.32011],[166.74238,-15.3204],[166.7407,-15.32059],[166.73918,-15.32147],[166.73794,-15.32128],[166.73715,-15.32179],[166.73779,-15.32427],[166.73805,-15.32448],[166.73885,-15.32522],[166.73848,-15.3266],[166.73912,-15.32832],[166.73928,-15.32877],[166.73859,-15.32997],[166.73805,-15.33086],[166.73797,-15.33104],[166.73831,-15.33131],[166.7405,-15.3323],[166.74161,-15.33654],[166.74083,-15.33679],[166.73991,-15.33692],[166.73958,-15.3368],[166.73907,-15.33665],[166.73857,-15.33656],[166.73611,-15.33752],[166.73479,-15.3399],[166.7321,-15.34103],[166.73067,-15.34412],[166.73018,-15.34486],[166.73037,-15.34494],[166.73087,-15.34514],[166.73106,-15.34528],[166.7316,-15.34642],[166.73232,-15.34737],[166.73236,-15.34813],[166.73236,-15.34912],[166.7331,-15.35052],[166.73545,-15.35819],[166.73595,-15.35832],[166.73728,-15.35848],[166.73728,-15.35849],[166.73806,-15.35966],[166.742,-15.3612],[166.74857,-15.36022],[166.75285,-15.36498],[166.75392,-15.3667],[166.75503,-15.36825],[166.75513,-15.36855],[166.75438,-15.37006],[166.7543,-15.37022],[166.75411,-15.37055],[166.75419,-15.37116],[166.75448,-15.37484],[166.75289,-15.37651],[166.75115,-15.37742],[166.75061,-15.37766],[166.74977,-15.37813],[166.74843,-15.37977],[166.74813,-15.38028],[166.74732,-15.38123],[166.7474,-15.38166],[166.749,-15.38246],[166.7496,-15.38276],[166.75024,-15.38342],[166.75147,-15.38483],[166.7524,-15.38635],[166.75306,-15.3868],[166.75394,-15.38813],[166.75441,-15.39044],[166.75444,-15.39055],[166.7551,-15.39338],[166.7558,-15.39504],[166.75643,-15.39618],[166.75851,-15.39761],[166.7596,-15.39797],[166.76234,-15.3975],[166.76237,-15.39747],[166.76553,-15.39808],[166.76565,-15.39803],[166.76623,-15.3969],[166.76748,-15.39721],[166.768,-15.39772],[166.76785,-15.39821],[166.76713,-15.40058],[166.76916,-15.40392],[166.76925,-15.40403],[166.77216,-15.40654],[166.77383,-15.40645],[166.77491,-15.40518],[166.77488,-15.40503],[166.77541,-15.40462],[166.7759,-15.40451],[166.77763,-15.40505],[166.77794,-15.40515],[166.78111,-15.40781],[166.78119,-15.40853],[166.7825,-15.41074],[166.78247,-15.41084],[166.78139,-15.41192],[166.78133,-15.41287],[166.78122,-15.413],[166.78082,-15.4131],[166.77969,-15.41351],[166.77961,-15.41367],[166.77988,-15.41575],[166.78225,-15.41746],[166.7814,-15.419],[166.78134,-15.41905],[166.78067,-15.41943],[166.78142,-15.42034],[166.78125,-15.42044],[166.78034,-15.42097],[166.7803,-15.42109],[166.78049,-15.42685],[166.77981,-15.42737],[166.77753,-15.43219],[166.77749,-15.4327],[166.77759,-15.43462],[166.77767,-15.43529],[166.77735,-15.44022],[166.77797,-15.44186],[166.77809,-15.44231],[166.77877,-15.44385],[166.77887,-15.44402],[166.7801,-15.44539],[166.78154,-15.4459],[166.78307,-15.44731],[166.78321,-15.4474],[166.78344,-15.44774],[166.78376,-15.44936],[166.78639,-15.45036],[166.78646,-15.45038],[166.78809,-15.4517],[166.78801,-15.45583],[166.78776,-15.45646],[166.7868,-15.45836],[166.78644,-15.45932],[166.78571,-15.46124],[166.79071,-15.46137],[166.79086,-15.46143],[166.79312,-15.46321],[166.79433,-15.46527],[166.79449,-15.46562],[166.8009,-15.46547],[166.8045,-15.46708],[166.8045,-15.46828],[166.80552,-15.46853],[166.80606,-15.46702],[166.80624,-15.46694],[166.80667,-15.46686],[166.80839,-15.46713],[166.81002,-15.46618],[166.81015,-15.46605],[166.81251,-15.46455],[166.81648,-15.46461],[166.82036,-15.46514],[166.82134,-15.46452],[166.82192,-15.46441],[166.82411,-15.4643],[166.82488,-15.4643],[166.82608,-15.46496],[166.82692,-15.46554],[166.82682,-15.4663],[166.82656,-15.46809],[166.82904,-15.46874],[166.8301,-15.4689],[166.83041,-15.46872],[166.83081,-15.4699],[166.83163,-15.47046],[166.83192,-15.47104],[166.8315,-15.47165],[166.83147,-15.47174],[166.83201,-15.47258],[166.83273,-15.4729],[166.8326,-15.47192],[166.8326,-15.47188],[166.83322,-15.47063],[166.83376,-15.46912],[166.83375,-15.46909],[166.83382,-15.4685],[166.8344,-15.46641],[166.83362,-15.46618],[166.83309,-15.46603],[166.83269,-15.46527],[166.83063,-15.46228],[166.83064,-15.46226],[166.83013,-15.46077],[166.83012,-15.46066],[166.83028,-15.45825],[166.82882,-15.45725],[166.82719,-15.45544],[166.82708,-15.45463],[166.82674,-15.45379],[166.82645,-15.45281],[166.82682,-15.45191],[166.82711,-15.45141],[166.83021,-15.45043],[166.83108,-15.45018],[166.83527,-15.4498],[166.83879,-15.44637],[166.8407,-15.44681],[166.84147,-15.44712],[166.84341,-15.44799],[166.84506,-15.44669],[166.84573,-15.44619],[166.84823,-15.44669],[166.84942,-15.44651],[166.85012,-15.44625],[166.85082,-15.44569],[166.85096,-15.44567],[166.852,-15.44578],[166.85238,-15.44592],[166.85343,-15.44693],[166.85737,-15.44877],[166.85747,-15.44878],[166.85779,-15.44862],[166.85788,-15.44844],[166.85913,-15.44781],[166.86476,-15.44786],[166.86516,-15.44775],[166.86809,-15.44634],[166.87038,-15.44596],[166.87146,-15.44578],[166.87399,-15.44515],[166.87479,-15.44502],[166.87594,-15.44501],[166.87681,-15.44363],[166.87691,-15.44357],[166.88095,-15.44293],[166.881,-15.44291],[166.8846,-15.4414],[166.88503,-15.44131],[166.8859,-15.44022],[166.8871,-15.43902],[166.88775,-15.43819],[166.89227,-15.43594],[166.89321,-15.43572],[166.89386,-15.43606],[166.89499,-15.43427],[166.89513,-15.43415],[166.89626,-15.4341],[166.89725,-15.43457],[166.89828,-15.43576],[166.89829,-15.43577],[166.90127,-15.43503],[166.90381,-15.43558],[166.90611,-15.43561],[166.90671,-15.43531],[166.91109,-15.43581],[166.9147,-15.42971],[166.91493,-15.42772],[166.91734,-15.42531],[166.91861,-15.42296],[166.91799,-15.41929],[166.91874,-15.41861],[166.92012,-15.41898],[166.92014,-15.41898],[166.92443,-15.42028],[166.92581,-15.41924],[166.92804,-15.42007],[166.92849,-15.42027],[166.92966,-15.4212],[166.93303,-15.42394],[166.93416,-15.42802],[166.93497,-15.43102],[166.93718,-15.43223],[166.93859,-15.43408],[166.94068,-15.43272],[166.94187,-15.43178],[166.94705,-15.42718],[166.94506,-15.42465],[166.94381,-15.42338],[166.94376,-15.42295],[166.94447,-15.42048],[166.94562,-15.42076],[166.94609,-15.42061],[166.94642,-15.42045],[166.94584,-15.41718],[166.94467,-15.41524],[166.94469,-15.41383],[166.94521,-15.41383],[166.94629,-15.41387],[166.94667,-15.41388],[166.94742,-15.41293],[166.94712,-15.41265],[166.94652,-15.41169],[166.94648,-15.41116],[166.94619,-15.4107],[166.94432,-15.40919],[166.94389,-15.40814],[166.94471,-15.40765],[166.94523,-15.40702],[166.94635,-15.40658],[166.94871,-15.40479],[166.94871,-15.40273],[166.94871,-15.40235],[166.94839,-15.40153],[166.9481,-15.40114],[166.94771,-15.4008],[166.9469,-15.40027],[166.94684,-15.39996],[166.94727,-15.39946],[166.95005,-15.39745],[166.95012,-15.39652],[166.95055,-15.39547],[166.95129,-15.39527],[166.95312,-15.3944],[166.95311,-15.39431],[166.95284,-15.39366],[166.95261,-15.39345],[166.95259,-15.39291],[166.95283,-15.39296],[166.96051,-15.38833],[166.96145,-15.38829],[166.96334,-15.38748],[166.96461,-15.38782],[166.96526,-15.38726],[166.96735,-15.38908],[166.97056,-15.38657],[166.97114,-15.3865],[166.97175,-15.38623],[166.97179,-15.38619],[166.96955,-15.38076],[166.96896,-15.37913],[166.96717,-15.3761],[166.96699,-15.37557],[166.9647,-15.37216],[166.96441,-15.3718],[166.96111,-15.36609],[166.96175,-15.36239],[166.96238,-15.35943],[166.96085,-15.35547],[166.96007,-15.35398],[166.95648,-15.35058],[166.95583,-15.3502],[166.95486,-15.34991],[166.95384,-15.34904],[166.95381,-15.34855],[166.95371,-15.34604],[166.95371,-15.34545],[166.95416,-15.34363],[166.95641,-15.34117],[166.95922,-15.34044],[166.95889,-15.33869],[166.95947,-15.33694],[166.96118,-15.33446],[166.96025,-15.33213],[166.96031,-15.33193],[166.96053,-15.33124],[166.96076,-15.33098],[166.96081,-15.32974],[166.96094,-15.32955],[166.96393,-15.3249],[166.97748,-15.30448],[166.96999,-15.29521],[166.96632,-15.2908],[166.96527,-15.27877],[166.96307,-15.27168],[166.96266,-15.27035],[166.96028,-15.26269],[166.97236,-15.25293],[166.9772,-15.24298],[166.9783,-15.24072],[166.97827,-15.2393],[166.978,-15.23812],[166.97801,-15.23811],[166.97832,-15.23517],[166.97654,-15.2338],[166.9763,-15.23359],[166.97582,-15.23089],[166.97582,-15.22993],[166.97519,-15.22844],[166.97484,-15.22791],[166.9738,-15.22684],[166.97351,-15.22571],[166.97347,-15.22456],[166.9724,-15.22419],[166.9699,-15.22423]]]},"properties":{"ADM1_EN":"SANMA","ADM2_EN":"Big Bay Inland"}},
{"type":"Feature","geometry":{"type":"Polygon","coordinates":[[[166.9772,-15.24298],[166.97313,-15.25265],[166.96039,-15.26265],[166.96266,-15.27035],[166.96307,-15.27168],[166.96538,-15.27861],[166.96696,-15.29064],[166.96999,-15.29521],[166.97748,-15.30448],[166.96393,-15.3249],[166.96094,-15.32955],[166.96081,-15.32974],[166.96076,-15.33098],[166.96053,-15.33124],[166.96031,-15.33193],[166.96025,-15.33213],[166.96118,-15.33446],[166.95947,-15.33694],[166.95889,-15.33869],[166.95922,-15.34044],[166.95641,-15.34117],[166.95416,-15.34363],[166.95371,-15.34545],[166.95371,-15.34604],[166.95381,-15.34855],[166.95384,-15.34904],[166.95486,-15.34991],[166.95583,-15.3502],[166.95648,-15.35058],[166.96007,-15.35398],[166.96085,-15.35547],[166.96238,-15.35943],[166.96175,-15.36239],[166.96111,-15.36609],[166.96441,-15.3718],[166.9647,-15.37216],[166.96699,-15.37557],[166.96717,-15.3761],[166.96896,-15.37913],[166.96955,-15.38076],[166.97179,-15.38619],[166.97797,-15.38935],[166.97881,-15.39038],[166.9789,-15.39048],[166.97933,-15.3912],[166.97952,-15.39164],[166.97969,-15.39206],[166.98564,-15.39388],[166.98574,-15.39397],[166.98675,-15.39514],[166.98684,-15.39542],[166.98727,-15.39621],[166.98741,-15.39627],[166.98945,-15.39706],[166.98955,-15.39712],[166.99101,-15.39826],[166.99127,-15.39896],[166.99168,-15.40008],[166.99206,-15.40021],[166.9923,-15.40045],[166.9923,-15.40103],[166.99247,-15.40174],[166.99302,-15.40247],[166.99303,-15.40255],[166.99307,-15.403],[166.99377,-15.40318],[166.99437,-15.40275],[166.9945,-15.40265],[166.99458,-15.4027],[166.99501,-15.40304],[166.99534,-15.40309],[166.99626,-15.40314],[166.99787,-15.40452],[166.99841,-15.40509],[166.99912,-15.40793],[166.99928,-15.40843],[167.00007,-15.40889],[167.00013,-15.40916],[167.00027,-15.40975],[167.00076,-15.4101],[167.00182,-15.41015],[167.0028,-15.41033],[167.00425,-15.41073],[167.00782,-15.41252],[167.00836,-15.41402],[167.00839,-15.4141],[167.00946,-15.41674],[167.00992,-15.41824],[167.01019,-15.41865],[167.01039,-15.41904],[167.01054,-15.41988],[167.01314,-15.42309],[167.01349,-15.4237],[167.01417,-15.42425],[167.01426,-15.42463],[167.01439,-15.42492],[167.01482,-15.42498],[167.01624,-15.42579],[167.017,-15.42578],[167.0181,-15.42567],[167.01932,-15.42554],[167.01997,-15.42594],[167.01997,-15.42593],[167.01994,-15.42504],[167.02009,-15.42478],[167.02061,-15.42513],[167.02079,-15.42548],[167.021,-15.42577],[167.02194,-15.4265],[167.02218,-15.42684],[167.02246,-15.42727],[167.02277,-15.42752],[167.02356,-15.42774],[167.02375,-15.42774],[167.02506,-15.42762],[167.02556,-15.42774],[167.02612,-15.42687],[167.02678,-15.42679],[167.02691,-15.42676],[167.02804,-15.42675],[167.0282,-15.42684],[167.02794,-15.42801],[167.03003,-15.42888],[167.03005,-15.42891],[167.03088,-15.43028],[167.03039,-15.43126],[167.0307,-15.43225],[167.0315,-15.43243],[167.03174,-15.43289],[167.03182,-15.43353],[167.03183,-15.43382],[167.03185,-15.43401],[167.0319,-15.43429],[167.03205,-15.43443],[167.03318,-15.43441],[167.03375,-15.43317],[167.03393,-15.43314],[167.03476,-15.43301],[167.03508,-15.43293],[167.0354,-15.43297],[167.03625,-15.43374],[167.03638,-15.43391],[167.03643,-15.43401],[167.0366,-15.43492],[167.03662,-15.43534],[167.03697,-15.43614],[167.03793,-15.43774],[167.0381,-15.43796],[167.03823,-15.4381],[167.0388,-15.4385],[167.0421,-15.44083],[167.04455,-15.44256],[167.04973,-15.44621],[167.05237,-15.44807],[167.05435,-15.45115],[167.0573,-15.45571],[167.06368,-15.46801],[167.06504,-15.47083],[167.06615,-15.47278],[167.06931,-15.47808],[167.07299,-15.48427],[167.07303,-15.48433],[167.07621,-15.48965],[167.07651,-15.49017],[167.0763,-15.49078],[167.07609,-15.49134],[167.07628,-15.49202],[167.07747,-15.49236],[167.07898,-15.49247],[167.08011,-15.49355],[167.08061,-15.49604],[167.0807,-15.49653],[167.08076,-15.49682],[167.08087,-15.49729],[167.081,-15.49756],[167.08168,-15.49821],[167.08352,-15.49864],[167.08424,-15.49917],[167.08498,-15.50067],[167.0853,-15.50119],[167.08656,-15.5016],[167.08707,-15.50148],[167.08835,-15.50092],[167.08862,-15.50084],[167.08907,-15.50073],[167.08947,-15.50077],[167.08906,-15.50168],[167.08896,-15.50195],[167.0889,-15.50361],[167.08887,-15.50438],[167.08866,-15.50508],[167.08738,-15.50631],[167.08729,-15.50644],[167.0871,-15.50669],[167.08496,-15.50866],[167.08461,-15.50929],[167.08465,-15.51012],[167.08595,-15.5093],[167.08618,-15.50922],[167.08652,-15.50942],[167.08754,-15.50988],[167.08767,-15.50989],[167.08836,-15.50989],[167.08997,-15.50868],[167.09102,-15.50886],[167.09107,-15.5089],[167.09154,-15.50954],[167.09035,-15.51078],[167.08979,-15.51112],[167.08952,-15.51114],[167.08833,-15.51294],[167.08862,-15.51335],[167.08986,-15.5141],[167.09106,-15.51432],[167.09192,-15.51456],[167.09295,-15.515],[167.0966,-15.51595],[167.09665,-15.51597],[167.09738,-15.51624],[167.09783,-15.5165],[167.1022,-15.51863],[167.10214,-15.51983],[167.10182,-15.5217],[167.10259,-15.52411],[167.10603,-15.52488],[167.10696,-15.52564],[167.10825,-15.52705],[167.10841,-15.52736],[167.11012,-15.53079],[167.11066,-15.53228],[167.11161,-15.53489],[167.11283,-15.53555],[167.11322,-15.53534],[167.11487,-15.5357],[167.11509,-15.53572],[167.11675,-15.53647],[167.11713,-15.53636],[167.11768,-15.53658],[167.11804,-15.53672],[167.11832,-15.53672],[167.11901,-15.53657],[167.11995,-15.53654],[167.12083,-15.53651],[167.12173,-15.53587],[167.12206,-15.53534],[167.12311,-15.53508],[167.12352,-15.53491],[167.12387,-15.53504],[167.12429,-15.53526],[167.12432,-15.53528],[167.12464,-15.53548],[167.12524,-15.5355],[167.1254,-15.53555],[167.12591,-15.53576],[167.12609,-15.53586],[167.12624,-15.53605],[167.12625,-15.53606],[167.12672,-15.53616],[167.12682,-15.53614],[167.12733,-15.53607],[167.12734,-15.53607],[167.12798,-15.53512],[167.12804,-15.53512],[167.12818,-15.53509],[167.12827,-15.53505],[167.12844,-15.53506],[167.12878,-15.53526],[167.12902,-15.53537],[167.12907,-15.53534],[167.12981,-15.53504],[167.12998,-15.53514],[167.13002,-15.53518],[167.13026,-15.53537],[167.13028,-15.53538],[167.13048,-15.53531],[167.13049,-15.5353],[167.13078,-15.53502],[167.13084,-15.53499],[167.1314,-15.53481],[167.13236,-15.53396],[167.13281,-15.53323],[167.13305,-15.53256],[167.13311,-15.53238],[167.13329,-15.53159],[167.13348,-15.53071],[167.13351,-15.53064],[167.13416,-15.52882],[167.13679,-15.52887],[167.13764,-15.52854],[167.13838,-15.52719],[167.14041,-15.52518],[167.1406,-15.52507],[167.13999,-15.52148],[167.1416,-15.51778],[167.14416,-15.51766],[167.14466,-15.51819],[167.14545,-15.51904],[167.146,-15.51994],[167.14647,-15.5207],[167.14667,-15.52099],[167.14722,-15.52164],[167.14758,-15.52217],[167.14837,-15.52387],[167.14861,-15.52447],[167.14928,-15.52672],[167.14944,-15.52727],[167.14948,-15.52737],[167.14989,-15.52828],[167.15013,-15.52875],[167.15161,-15.53065],[167.15162,-15.53065],[167.1535,-15.53188],[167.15127,-15.5231],[167.16296,-15.51641],[167.16014,-15.51262],[167.16204,-15.50567],[167.15621,-15.4971],[167.15648,-15.48233],[167.15554,-15.47833],[167.15449,-15.4763],[167.15342,-15.47341],[167.1501,-15.47298],[167.14955,-15.47536],[167.14919,-15.4754],[167.14748,-15.47344],[167.14776,-15.4707],[167.14735,-15.46823],[167.14476,-15.46665],[167.1446,-15.46657],[167.14439,-15.46637],[167.14419,-15.46429],[167.14498,-15.46187],[167.14517,-15.46049],[167.14506,-15.45844],[167.14644,-15.45763],[167.14727,-15.45677],[167.14748,-15.45636],[167.14779,-15.45577],[167.14879,-15.45488],[167.1494,-15.45432],[167.15018,-15.45307],[167.14829,-15.45307],[167.14637,-15.45218],[167.14483,-15.45254],[167.144,-15.45032],[167.14299,-15.44819],[167.14338,-15.44642],[167.14346,-15.44623],[167.14373,-15.44529],[167.14492,-15.44484],[167.14416,-15.44365],[167.14355,-15.44271],[167.14349,-15.44249],[167.14348,-15.44198],[167.14338,-15.44046],[167.14239,-15.43993],[167.13922,-15.44007],[167.13762,-15.4403],[167.1349,-15.43953],[167.13455,-15.43793],[167.13416,-15.43687],[167.13137,-15.43892],[167.13094,-15.43892],[167.12681,-15.44041],[167.11965,-15.43766],[167.11944,-15.43728],[167.11925,-15.43693],[167.11841,-15.43622],[167.11683,-15.43598],[167.1167,-15.43456],[167.1167,-15.43396],[167.11648,-15.43268],[167.11691,-15.43178],[167.11726,-15.4313],[167.11953,-15.43081],[167.12056,-15.43003],[167.12325,-15.42915],[167.12609,-15.42788],[167.135,-15.42552],[167.13852,-15.4233],[167.13914,-15.42344],[167.14204,-15.42548],[167.14126,-15.42257],[167.14174,-15.42171],[167.14173,-15.4216],[167.14078,-15.41911],[167.13947,-15.41684],[167.13844,-15.41462],[167.1377,-15.41307],[167.13577,-15.41369],[167.13233,-15.41333],[167.12226,-15.41231],[167.11997,-15.41214],[167.11996,-15.40417],[167.12358,-15.4043],[167.12644,-15.38945],[167.1291,-15.37378],[167.14893,-15.35074],[167.17519,-15.33791],[167.17644,-15.33558],[167.1767,-15.33395],[167.17387,-15.33248],[167.16571,-15.33064],[167.16481,-15.32914],[167.1642,-15.32529],[167.16447,-15.32365],[167.16568,-15.3229],[167.17079,-15.32002],[167.17558,-15.32024],[167.17929,-15.31797],[167.17066,-15.31585],[167.16698,-15.31585],[167.16619,-15.31648],[167.16397,-15.31361],[167.16326,-15.31319],[167.1629,-15.31303],[167.16048,-15.31175],[167.1595,-15.31027],[167.15566,-15.31063],[167.15312,-15.31018],[167.15181,-15.31027],[167.15168,-15.31027],[167.15087,-15.31033],[167.14584,-15.30787],[167.14098,-15.30787],[167.13712,-15.30719],[167.13577,-15.30648],[167.13241,-15.30658],[167.12983,-15.30761],[167.12767,-15.30951],[167.12675,-15.30964],[167.1258,-15.31075],[167.12247,-15.31129],[167.11893,-15.31876],[167.11893,-15.31926],[167.11617,-15.32243],[167.11396,-15.32234],[167.11315,-15.3223],[167.11079,-15.32344],[167.10844,-15.32192],[167.10804,-15.32259],[167.10646,-15.32364],[167.10625,-15.32401],[167.10554,-15.32572],[167.10252,-15.32408],[167.10041,-15.32436],[167.0987,-15.32449],[167.09608,-15.32395],[167.09057,-15.32787],[167.08708,-15.32815],[167.08544,-15.3278],[167.0834,-15.32791],[167.08329,-15.3281],[167.08414,-15.32927],[167.0804,-15.32996],[167.07983,-15.33139],[167.07972,-15.3315],[167.07856,-15.33089],[167.07781,-15.33031],[167.07624,-15.33138],[167.07558,-15.33194],[167.07376,-15.33345],[167.07284,-15.33512],[167.0717,-15.33603],[167.07245,-15.33876],[167.07298,-15.3399],[167.06969,-15.34054],[167.06769,-15.33984],[167.06715,-15.33964],[167.06654,-15.33936],[167.06536,-15.33864],[167.06403,-15.33833],[167.0625,-15.33931],[167.061,-15.3408],[167.05886,-15.34233],[167.05628,-15.34278],[167.05518,-15.34237],[167.05341,-15.34256],[167.05058,-15.34492],[167.04777,-15.34679],[167.04628,-15.34733],[167.04609,-15.34771],[167.04646,-15.34813],[167.04634,-15.3487],[167.04575,-15.34898],[167.04561,-15.34903],[167.04399,-15.3498],[167.04373,-15.35013],[167.04317,-15.35079],[167.04225,-15.35079],[167.03751,-15.3528],[167.03543,-15.35182],[167.03302,-15.35038],[167.03254,-15.35013],[167.02283,-15.34556],[167.02138,-15.34484],[167.01928,-15.34471],[167.01708,-15.34199],[167.01481,-15.33964],[167.01481,-15.33924],[167.01523,-15.33835],[167.02573,-15.32924],[167.02645,-15.32834],[167.02676,-15.32808],[167.02814,-15.32757],[167.02991,-15.32724],[167.03248,-15.325],[167.02912,-15.32256],[167.02876,-15.32202],[167.02682,-15.31918],[167.02589,-15.31805],[167.02595,-15.31796],[167.02629,-15.31744],[167.02634,-15.31698],[167.02538,-15.31621],[167.02306,-15.3145],[167.02296,-15.31442],[167.02314,-15.31372],[167.02369,-15.31315],[167.02471,-15.31234],[167.02479,-15.31205],[167.02503,-15.31045],[167.02701,-15.30824],[167.02821,-15.30641],[167.02821,-15.30491],[167.03069,-15.30012],[167.03138,-15.29918],[167.03467,-15.2977],[167.03441,-15.29641],[167.03254,-15.28862],[167.03203,-15.28828],[167.03123,-15.28596],[167.03096,-15.28132],[167.03044,-15.28001],[167.03083,-15.27735],[167.03057,-15.27291],[167.02558,-15.26713],[167.02574,-15.26649],[167.02605,-15.26561],[167.02549,-15.26459],[167.02487,-15.26399],[167.02425,-15.26289],[167.02427,-15.25733],[167.02213,-15.25664],[167.02125,-15.256],[167.01969,-15.254],[167.01954,-15.2536],[167.01908,-15.25252],[167.01898,-15.25232],[167.01275,-15.24709],[167.01258,-15.24699],[167.012,-15.24662],[167.01079,-15.24546],[167.01073,-15.24538],[167.00993,-15.24217],[167.01202,-15.241],[167.01267,-15.23995],[167.01001,-15.238],[167.00951,-15.23788],[167.00759,-15.23922],[167.00681,-15.23935],[167.0058,-15.23789],[167.00484,-15.23722],[167.00405,-15.23694],[167.003,-15.23719],[167.00205,-15.23661],[166.9988,-15.23897],[166.99778,-15.24185],[166.9967,-15.24302],[166.99651,-15.24318],[166.9957,-15.24386],[166.99554,-15.24491],[166.9952,-15.24512],[166.99506,-15.24516],[166.99336,-15.24565],[166.99302,-15.24631],[166.9916,-15.24684],[166.98857,-15.25101],[166.98606,-15.25341],[166.9854,-15.25353],[166.98412,-15.25405],[166.98207,-15.25374],[166.98173,-15.25356],[166.97933,-15.25296],[166.97885,-15.25266],[166.97888,-15.25262],[166.98011,-15.25089],[166.98046,-15.25028],[166.98055,-15.24852],[166.98027,-15.24755],[166.9799,-15.24573],[166.97922,-15.24449],[166.97839,-15.24116],[166.9783,-15.24072],[166.9772,-15.24298]]]},"properties":{"ADM1_EN":"SANMA","ADM2_EN":"Canal Fanafo"}},
{"type":"Feature","geometry":{"type":"Polygon","coordinates":[[[166.96783,-15.16204],[166.96899,-15.16422],[166.9688,-15.17155],[166.9686,-15.17195],[166.96796,-15.17306],[166.96794,-15.17311],[166.96818,-15.174],[166.96934,-15.17601],[166.96943,-15.17647],[166.96933,-15.17681],[166.96794,-15.17879],[166.96926,-15.18069],[166.96898,-15.18159],[166.9689,-15.18199],[166.97244,-15.18505],[166.96853,-15.1874],[166.96777,-15.18851],[166.96716,-15.19263],[166.96794,-15.19535],[166.96816,-15.196],[166.96782,-15.1964],[166.96702,-15.19694],[166.96683,-15.19742],[166.96663,-15.19813],[166.96629,-15.1985],[166.96629,-15.19904],[166.96741,-15.2005],[166.97082,-15.20349],[166.97184,-15.20448],[166.97315,-15.20647],[166.97321,-15.20673],[166.97323,-15.20693],[166.97317,-15.21137],[166.9722,-15.21369],[166.97205,-15.21405],[166.97226,-15.21545],[166.97326,-15.21751],[166.97356,-15.21756],[166.97359,-15.21756],[166.97363,-15.2177],[166.97362,-15.21825],[166.9742,-15.21926],[166.9749,-15.21994],[166.9749,-15.22149],[166.97426,-15.22224],[166.97337,-15.22417],[166.97347,-15.22456],[166.97351,-15.22571],[166.9738,-15.22684],[166.97484,-15.22791],[166.97519,-15.22844],[166.97582,-15.22993],[166.97582,-15.23089],[166.9763,-15.23359],[166.97654,-15.2338],[166.97832,-15.23517],[166.97801,-15.23811],[166.978,-15.23812],[166.97827,-15.2393],[166.97839,-15.24116],[166.97922,-15.24449],[166.9799,-15.24573],[166.98027,-15.24755],[166.98055,-15.24852],[166.98046,-15.25028],[166.98011,-15.25089],[166.97888,-15.25262],[166.97885,-15.25266],[166.97933,-15.25296],[166.98173,-15.25356],[166.98207,-15.25374],[166.98412,-15.25405],[166.9854,-15.25353],[166.98606,-15.25341],[166.98857,-15.25101],[166.9916,-15.24684],[166.99302,-15.24631],[166.99336,-15.24565],[166.99506,-15.24516],[166.9952,-15.24512],[166.99554,-15.24491],[166.9957,-15.24386],[166.99651,-15.24318],[166.9967,-15.24302],[166.99778,-15.24185],[166.9988,-15.23897],[167.00205,-15.23661],[167.003,-15.23719],[167.00405,-15.23694],[167.00484,-15.23722],[167.0058,-15.23789],[167.00681,-15.23935],[167.00759,-15.23922],[167.00951,-15.23788],[167.01001,-15.238],[167.01267,-15.23995],[167.01202,-15.241],[167.00993,-15.24217],[167.01073,-15.24538],[167.01079,-15.24546],[167.012,-15.24662],[167.01258,-15.24699],[167.01275,-15.24709],[167.01898,-15.25232],[167.01908,-15.25252],[167.01954,-15.2536],[167.01969,-15.254],[167.02125,-15.256],[167.02213,-15.25664],[167.02427,-15.25733],[167.02425,-15.26289],[167.02487,-15.26399],[167.02549,-15.26459],[167.02605,-15.26561],[167.02574,-15.26649],[167.02558,-15.26713],[167.03057,-15.27291],[167.03083,-15.27735],[167.03044,-15.28001],[167.03096,-15.28132],[167.03123,-15.28596],[167.03203,-15.28828],[167.03254,-15.28862],[167.03441,-15.29641],[167.03467,-15.2977],[167.03138,-15.29918],[167.03069,-15.30012],[167.02821,-15.30491],[167.02821,-15.30641],[167.02701,-15.30824],[167.02503,-15.31045],[167.02479,-15.31205],[167.02471,-15.31234],[167.02369,-15.31315],[167.02314,-15.31372],[167.02296,-15.31442],[167.02306,-15.3145],[167.02538,-15.31621],[167.02634,-15.31698],[167.02629,-15.31744],[167.02595,-15.31796],[167.02589,-15.31805],[167.02682,-15.31918],[167.02876,-15.32202],[167.02912,-15.32256],[167.03248,-15.325],[167.02991,-15.32724],[167.02814,-15.32757],[167.02676,-15.32808],[167.02645,-15.32834],[167.02573,-15.32924],[167.01523,-15.33835],[167.01481,-15.33924],[167.01481,-15.33964],[167.01708,-15.34199],[167.01928,-15.34471],[167.02138,-15.34484],[167.02283,-15.34556],[167.03254,-15.35013],[167.03302,-15.35038],[167.03543,-15.35182],[167.03751,-15.3528],[167.04225,-15.35079],[167.04317,-15.35079],[167.04373,-15.35013],[167.04399,-15.3498],[167.04561,-15.34903],[167.04575,-15.34898],[167.04634,-15.3487],[167.04646,-15.34813],[167.04609,-15.34771],[167.04628,-15.34733],[167.04777,-15.34679],[167.05058,-15.34492],[167.05341,-15.34256],[167.05518,-15.34237],[167.05628,-15.34278],[167.05886,-15.34233],[167.061,-15.3408],[167.0625,-15.33931],[167.06403,-15.33833],[167.06536,-15.33864],[167.06654,-15.33936],[167.06715,-15.33964],[167.06769,-15.33984],[167.06969,-15.34054],[167.07298,-15.3399],[167.07245,-15.33876],[167.0717,-15.33603],[167.07284,-15.33512],[167.07376,-15.33345],[167.07558,-15.33194],[167.07624,-15.33138],[167.07781,-15.33031],[167.07856,-15.33089],[167.07972,-15.3315],[167.07983,-15.33139],[167.0804,-15.32996],[167.08414,-15.32927],[167.08329,-15.3281],[167.0834,-15.32791],[167.08544,-15.3278],[167.08708,-15.32815],[167.09057,-15.32787],[167.09608,-15.32395],[167.0987,-15.32449],[167.10041,-15.32436],[167.10252,-15.32408],[167.10554,-15.32572],[167.10625,-15.32401],[167.10646,-15.32364],[167.10804,-15.32259],[167.10844,-15.32192],[167.11079,-15.32344],[167.11315,-15.3223],[167.11396,-15.32234],[167.11617,-15.32243],[167.11893,-15.31926],[167.11893,-15.31876],[167.12247,-15.31129],[167.1258,-15.31075],[167.12675,-15.30964],[167.12767,-15.30951],[167.12983,-15.30761],[167.13241,-15.30658],[167.13577,-15.30648],[167.13712,-15.30719],[167.14098,-15.30787],[167.14584,-15.30787],[167.15087,-15.31033],[167.15168,-15.31027],[167.15181,-15.31027],[167.15312,-15.31018],[167.15566,-15.31063],[167.1595,-15.31027],[167.16048,-15.31175],[167.1629,-15.31303],[167.16326,-15.31319],[167.16397,-15.31361],[167.16619,-15.31648],[167.16698,-15.31585],[167.17066,-15.31585],[167.17929,-15.31797],[167.17976,-15.31819],[167.18302,-15.32023],[167.18339,-15.31711],[167.18457,-15.32078],[167.1872,-15.32142],[167.18812,-15.32268],[167.18825,-15.32446],[167.18641,-15.32636],[167.19219,-15.33699],[167.20217,-15.34218],[167.20755,-15.34104],[167.2086,-15.32268],[167.20624,-15.3161],[167.20729,-15.31458],[167.20269,-15.30736],[167.20033,-15.29748],[167.19652,-15.2914],[167.19127,-15.28558],[167.17834,-15.27614],[167.1639,-15.27171],[167.15667,-15.26791],[167.15576,-15.26449],[167.15168,-15.26272],[167.14775,-15.25702],[167.14893,-15.25334],[167.15195,-15.25284],[167.16311,-15.2555],[167.16902,-15.25474],[167.17348,-15.24258],[167.17348,-15.23903],[167.16888,-15.23257],[167.16797,-15.22814],[167.17217,-15.21129],[167.16928,-15.20318],[167.1635,-15.19355],[167.16061,-15.19127],[167.16101,-15.18607],[167.16429,-15.18012],[167.15864,-15.17581],[167.1572,-15.16681],[167.15063,-15.1582],[167.15037,-15.153],[167.15339,-15.14451],[167.15339,-15.13944],[167.14578,-15.13095],[167.13908,-15.12905],[167.13724,-15.12525],[167.13462,-15.12512],[167.12214,-15.14299],[167.11978,-15.14362],[167.11939,-15.14172],[167.11807,-15.14172],[167.11768,-15.14692],[167.11584,-15.14857],[167.11217,-15.14895],[167.10888,-15.14755],[167.10416,-15.13627],[167.10232,-15.12537],[167.09851,-15.1203],[167.0972,-15.11587],[167.08919,-15.10484],[167.07961,-15.09647],[167.07987,-15.09369],[167.08263,-15.0914],[167.07882,-15.09229],[167.07737,-15.09052],[167.07895,-15.08202],[167.07659,-15.07505],[167.07711,-15.07201],[167.07921,-15.06935],[167.08328,-15.06947],[167.08276,-15.0677],[167.08604,-15.06453],[167.08499,-15.06326],[167.08289,-15.06516],[167.07947,-15.06478],[167.0779,-15.06237],[167.07357,-15.04652],[167.07435,-15.0431],[167.07659,-15.04171],[167.0754,-15.03968],[167.07147,-15.03828],[167.06661,-15.03904],[167.06245,-15.03432],[167.06654,-15.03625],[167.06858,-15.03308],[167.07291,-15.03245],[167.07593,-15.02979],[167.07777,-15.0204],[167.07317,-15.01089],[167.07212,-15.00506],[167.0674,-14.99809],[167.06109,-14.99301],[167.0565,-14.99327],[167.05597,-14.99225],[167.05624,-14.99035],[167.05965,-14.98819],[167.06057,-14.98452],[167.06004,-14.9802],[167.05361,-14.97247],[167.05427,-14.96524],[167.05597,-14.96384],[167.05558,-14.96194],[167.06464,-14.95928],[167.06713,-14.95471],[167.07803,-14.9523],[167.08433,-14.95344],[167.0888,-14.95065],[167.08985,-14.94545],[167.08604,-14.94342],[167.07422,-14.94291],[167.05742,-14.9457],[167.04731,-14.94482],[167.04088,-14.94101],[167.03011,-14.93111],[167.02407,-14.93035],[167.01186,-14.93391],[167.00661,-14.93847],[166.99282,-14.94482],[166.98429,-14.95192],[166.97943,-14.96486],[166.98114,-14.97462],[166.98954,-14.99251],[166.99125,-15.00075],[166.97851,-15.04412],[166.98652,-15.06174],[166.98586,-15.08012],[166.98875,-15.0914],[166.98836,-15.09495],[166.98298,-15.0999],[166.98206,-15.10256],[166.98153,-15.11473],[166.97891,-15.12208],[166.96696,-15.12842],[166.96039,-15.13881],[166.9554,-15.14236],[166.95239,-15.14882],[166.9512,-15.15249],[166.95186,-15.15946],[166.95061,-15.16041],[166.96387,-15.16067],[166.96549,-15.16156],[166.96591,-15.16172],[166.96734,-15.16196],[166.96783,-15.16204]]]},"properties":{"ADM1_EN":"SANMA","ADM2_EN":"East Santo"}},
{"type":"Feature","geometry":{"type":"Polygon","coordinates":[[[167.18474,-15.63242],[167.18395,-15.62869],[167.17869,-15.62652],[167.17402,-15.62709],[167.17253,-15.62967],[167.17253,-15.64458],[167.17043,-15.65006],[167.17042,-15.65069],[167.1703,-15.65911],[167.17026,-15.65974],[167.16977,-15.66797],[167.16781,-15.67214],[167.16505,-15.67644],[167.15867,-15.68188],[167.15823,-15.68238],[167.15483,-15.68762],[167.15298,-15.68782],[167.14942,-15.68807],[167.14493,-15.69128],[167.14487,-15.69133],[167.14496,-15.693],[167.14676,-15.69318],[167.14916,-15.69614],[167.14988,-15.69686],[167.1501,-15.69684],[167.15043,-15.69781],[167.15047,-15.69792],[167.15054,-15.69797],[167.15087,-15.69848],[167.15087,-15.69879],[167.15035,-15.69994],[167.15064,-15.70059],[167.1508,-15.70095],[167.15277,-15.70149],[167.15284,-15.70147],[167.15271,-15.70261],[167.1564,-15.70424],[167.15708,-15.70385],[167.1573,-15.70377],[167.15784,-15.70429],[167.15795,-15.70485],[167.15796,-15.70516],[167.15797,-15.70552],[167.15823,-15.70585],[167.15889,-15.70666],[167.15908,-15.70673],[167.15985,-15.707],[167.16163,-15.70754],[167.16203,-15.70965],[167.16173,-15.71987],[167.16163,-15.72066],[167.16152,-15.72155],[167.16132,-15.72194],[167.16087,-15.72282],[167.16093,-15.72367],[167.16035,-15.72579],[167.15981,-15.72629],[167.15888,-15.72824],[167.1831,-15.74425],[167.19905,-15.75057],[167.20161,-15.74987],[167.20207,-15.75177],[167.20791,-15.75253],[167.21139,-15.75455],[167.21277,-15.7517],[167.21579,-15.75398],[167.21816,-15.75373],[167.22531,-15.74886],[167.23358,-15.74678],[167.23844,-15.74343],[167.23923,-15.74065],[167.24605,-15.7325],[167.24921,-15.71891],[167.24802,-15.71449],[167.23693,-15.70204],[167.23539,-15.69784],[167.23174,-15.694],[167.23122,-15.68986],[167.23754,-15.67797],[167.24884,-15.66924],[167.24825,-15.66713],[167.24957,-15.66661],[167.25204,-15.65691],[167.24993,-15.64185],[167.24088,-15.6364],[167.22232,-15.63439],[167.20688,-15.63452],[167.19462,-15.63039],[167.18939,-15.63066],[167.18522,-15.62858],[167.18474,-15.63242]],[[167.18474,-15.63242],[167.18558,-15.63488],[167.18427,-15.63592],[167.17957,-15.63547],[167.17918,-15.63671],[167.1766,-15.63512],[167.17703,-15.63189],[167.17855,-15.63101],[167.1809,-15.63482],[167.18302,-15.63559],[167.1854,-15.63483],[167.18474,-15.63242]]]},"properties":{"ADM1_EN":"SANMA","ADM2_EN":"East Malo"}},
{"type":"Feature","geometry":{"type":"Polygon","coordinates":[[[167.16203,-15.70965],[167.16163,-15.70754],[167.15985,-15.707],[167.15908,-15.70673],[167.15889,-15.70666],[167.15823,-15.70585],[167.15797,-15.70552],[167.15796,-15.70516],[167.15795,-15.70485],[167.15784,-15.70429],[167.1573,-15.70377],[167.15708,-15.70385],[167.1564,-15.70424],[167.15271,-15.70261],[167.15284,-15.70147],[167.15277,-15.70149],[167.1508,-15.70095],[167.15064,-15.70059],[167.15035,-15.69994],[167.15087,-15.69879],[167.15087,-15.69848],[167.15054,-15.69797],[167.15047,-15.69792],[167.15043,-15.69781],[167.1501,-15.69684],[167.14988,-15.69686],[167.14916,-15.69614],[167.14676,-15.69318],[167.14496,-15.693],[167.14487,-15.69133],[167.14493,-15.69128],[167.14942,-15.68807],[167.15298,-15.68782],[167.15483,-15.68762],[167.15823,-15.68238],[167.15867,-15.68188],[167.16505,-15.67644],[167.16781,-15.67214],[167.16977,-15.66797],[167.17026,-15.65974],[167.1703,-15.65911],[167.17042,-15.65069],[167.17043,-15.65006],[167.17253,-15.64458],[167.17253,-15.62967],[167.17252,-15.62801],[167.16284,-15.62545],[167.14236,-15.62797],[167.12608,-15.62658],[167.11544,-15.62785],[167.10927,-15.63012],[167.0968,-15.63594],[167.09024,-15.64315],[167.08958,-15.65174],[167.08564,-15.66628],[167.08656,-15.68031],[167.09365,-15.69068],[167.10862,-15.7042],[167.11755,-15.70951],[167.13461,-15.71469],[167.15888,-15.72824],[167.15981,-15.72629],[167.16035,-15.72579],[167.16093,-15.72367],[167.16087,-15.72282],[167.16132,-15.72194],[167.16152,-15.72155],[167.16163,-15.72066],[167.16173,-15.71987],[167.16203,-15.70965]]]},"properties":{"ADM1_EN":"SANMA","ADM2_EN":"West Malo"}},
{"type":"Feature","geometry":{"type":"Polygon","coordinates":[[[168.34254,-17.77461],[168.34204,-17.78681],[168.34601,-17.77869],[168.34929,-17.77688],[168.35192,-17.77732],[168.35244,-17.78107],[168.34595,-17.78313],[168.34614,-17.78619],[168.34962,-17.78569],[168.35192,-17.78932],[168.35468,-17.78907],[168.35743,-17.79132],[168.35389,-17.79576],[168.35474,-17.79963],[168.35166,-17.79938],[168.35054,-17.79757],[168.34831,-17.79863],[168.35107,-17.80588],[168.3554,-17.80626],[168.36295,-17.80301],[168.37417,-17.78844],[168.38343,-17.79151],[168.37726,-17.80745],[168.37601,-17.81732],[168.37956,-17.82207],[168.38435,-17.82476],[168.39827,-17.82551],[168.40371,-17.82413],[168.41461,-17.82419],[168.41835,-17.82232],[168.42387,-17.82363],[168.43437,-17.82232],[168.44343,-17.81788],[168.44843,-17.80977],[168.45193,-17.81026],[168.45098,-17.80937],[168.45461,-17.80548],[168.45484,-17.7986],[168.45626,-17.79696],[168.44955,-17.79562],[168.45138,-17.79317],[168.45143,-17.79296],[168.45197,-17.79194],[168.45152,-17.79011],[168.45122,-17.78964],[168.45118,-17.78922],[168.45135,-17.78895],[168.45162,-17.78866],[168.45086,-17.78698],[168.45072,-17.78667],[168.45033,-17.78434],[168.44948,-17.78359],[168.44799,-17.78323],[168.44788,-17.78319],[168.4477,-17.78205],[168.44753,-17.78188],[168.44741,-17.78166],[168.448,-17.78082],[168.44824,-17.77945],[168.44852,-17.77897],[168.44888,-17.77884],[168.45086,-17.77815],[168.45316,-17.77434],[168.45466,-17.77348],[168.45484,-17.77322],[168.45441,-17.77224],[168.45355,-17.77217],[168.45341,-17.77215],[168.4532,-17.772],[168.45373,-17.771],[168.45392,-17.77084],[168.45393,-17.77077],[168.45373,-17.77002],[168.45372,-17.76998],[168.45396,-17.76884],[168.45434,-17.76858],[168.45447,-17.76839],[168.45502,-17.76692],[168.45507,-17.76673],[168.45496,-17.76629],[168.45481,-17.76603],[168.45403,-17.76509],[168.45405,-17.76493],[168.45428,-17.76471],[168.45423,-17.7641],[168.45336,-17.76337],[168.45338,-17.76321],[168.45334,-17.76284],[168.45219,-17.76271],[168.45124,-17.76183],[168.45075,-17.75992],[168.45415,-17.75193],[168.45497,-17.75],[168.45574,-17.74661],[168.45585,-17.74627],[168.45654,-17.7457],[168.45693,-17.7441],[168.45696,-17.74358],[168.45715,-17.74353],[168.45779,-17.74092],[168.45781,-17.74087],[168.45859,-17.74006],[168.45932,-17.73964],[168.45936,-17.73959],[168.45935,-17.73955],[168.4583,-17.73882],[168.45828,-17.73881],[168.45753,-17.73697],[168.45824,-17.73658],[168.45831,-17.736],[168.4583,-17.73536],[168.4584,-17.73491],[168.45877,-17.7352],[168.45879,-17.73528],[168.45918,-17.73587],[168.45933,-17.73598],[168.46042,-17.73574],[168.46038,-17.73567],[168.46014,-17.73403],[168.46027,-17.73396],[168.46031,-17.73398],[168.46041,-17.73433],[168.4607,-17.73461],[168.46139,-17.73445],[168.46145,-17.73444],[168.4616,-17.73447],[168.4622,-17.73493],[168.46277,-17.73422],[168.46275,-17.73368],[168.46237,-17.7328],[168.46249,-17.73261],[168.46273,-17.73263],[168.46379,-17.73228],[168.4639,-17.73219],[168.46407,-17.73211],[168.46374,-17.73176],[168.46342,-17.73116],[168.46296,-17.73095],[168.4627,-17.73018],[168.46292,-17.72989],[168.46325,-17.72987],[168.46338,-17.73005],[168.46391,-17.73113],[168.46455,-17.731],[168.46559,-17.73068],[168.46577,-17.73068],[168.46595,-17.73001],[168.4659,-17.72981],[168.46589,-17.7298],[168.46511,-17.72973],[168.46507,-17.72953],[168.46483,-17.72932],[168.4647,-17.7292],[168.46469,-17.72918],[168.46496,-17.72906],[168.46517,-17.72908],[168.46527,-17.72891],[168.46534,-17.72871],[168.46515,-17.72813],[168.46494,-17.72785],[168.46462,-17.72755],[168.46381,-17.72708],[168.46348,-17.72664],[168.46321,-17.72545],[168.46354,-17.72454],[168.46391,-17.72344],[168.46402,-17.7231],[168.46531,-17.72116],[168.4655,-17.72128],[168.46644,-17.72209],[168.46656,-17.72108],[168.4671,-17.71977],[168.46736,-17.7195],[168.46769,-17.71898],[168.46773,-17.71879],[168.4678,-17.71857],[168.46787,-17.71774],[168.46772,-17.71745],[168.4676,-17.71536],[168.46753,-17.71512],[168.46686,-17.71551],[168.46676,-17.71546],[168.46674,-17.71544],[168.46664,-17.71513],[168.46662,-17.71505],[168.46658,-17.71495],[168.46598,-17.71468],[168.46573,-17.71458],[168.46598,-17.71423],[168.46621,-17.71399],[168.4662,-17.71386],[168.46612,-17.71343],[168.46616,-17.7133],[168.4662,-17.71316],[168.46659,-17.71253],[168.4666,-17.71226],[168.46661,-17.71221],[168.46673,-17.71195],[168.46701,-17.71175],[168.46695,-17.71165],[168.46688,-17.71167],[168.4668,-17.7117],[168.46639,-17.71165],[168.46621,-17.71159],[168.46614,-17.71161],[168.46605,-17.71214],[168.46606,-17.71226],[168.46498,-17.71184],[168.46497,-17.7115],[168.46495,-17.71134],[168.46484,-17.71094],[168.46482,-17.71086],[168.46482,-17.71085],[168.46521,-17.71121],[168.46551,-17.71122],[168.46563,-17.71056],[168.46592,-17.71032],[168.46541,-17.70963],[168.46487,-17.7083],[168.46373,-17.70714],[168.4633,-17.70625],[168.46268,-17.7056],[168.46202,-17.70315],[168.46303,-17.70186],[168.46323,-17.70021],[168.46354,-17.69851],[168.46355,-17.69847],[168.46428,-17.69838],[168.46542,-17.69822],[168.46641,-17.69606],[168.4669,-17.69528],[168.46707,-17.69493],[168.46709,-17.69277],[168.467,-17.69265],[168.46644,-17.69218],[168.46608,-17.69194],[168.46613,-17.69141],[168.46646,-17.69141],[168.46759,-17.69133],[168.46791,-17.69097],[168.46791,-17.69096],[168.46786,-17.69062],[168.46733,-17.69062],[168.46628,-17.69025],[168.46627,-17.69],[168.46635,-17.68968],[168.46713,-17.68846],[168.46747,-17.68828],[168.46777,-17.688],[168.46779,-17.68796],[168.46762,-17.68776],[168.46641,-17.6869],[168.46564,-17.68804],[168.46513,-17.68755],[168.46517,-17.68743],[168.46487,-17.68691],[168.46407,-17.68727],[168.46277,-17.68618],[168.46273,-17.68612],[168.46101,-17.68479],[168.46091,-17.6847],[168.4607,-17.68452],[168.46061,-17.68448],[168.45861,-17.6818],[168.45861,-17.68153],[168.45781,-17.67942],[168.457,-17.67929],[168.45154,-17.67802],[168.44843,-17.67764],[168.44599,-17.67657],[168.44435,-17.67616],[168.44107,-17.67473],[168.43785,-17.67346],[168.4362,-17.67269],[168.43239,-17.66969],[168.43135,-17.66862],[168.43037,-17.66761],[168.42725,-17.6657],[168.42577,-17.66545],[168.42532,-17.66552],[168.42535,-17.66582],[168.42536,-17.66602],[168.42528,-17.66676],[168.42515,-17.66695],[168.42461,-17.66748],[168.42455,-17.66763],[168.42423,-17.66846],[168.42433,-17.66864],[168.42438,-17.66901],[168.42491,-17.66972],[168.42495,-17.66981],[168.42496,-17.66993],[168.42499,-17.67059],[168.42509,-17.67093],[168.42513,-17.67098],[168.42603,-17.67121],[168.42648,-17.67167],[168.42657,-17.672],[168.42658,-17.67202],[168.42652,-17.67251],[168.42646,-17.67411],[168.42483,-17.67409],[168.42302,-17.67489],[168.4214,-17.67489],[168.42108,-17.67486],[168.42077,-17.67461],[168.42021,-17.67332],[168.42017,-17.6733],[168.41782,-17.67361],[168.41768,-17.67438],[168.41772,-17.67525],[168.41773,-17.67535],[168.41521,-17.67531],[168.4143,-17.67496],[168.41393,-17.67487],[168.41392,-17.67487],[168.41341,-17.67537],[168.41193,-17.67735],[168.41159,-17.67734],[168.41002,-17.67857],[168.4101,-17.67901],[168.41018,-17.67914],[168.41027,-17.67921],[168.41037,-17.67928],[168.4112,-17.67934],[168.4118,-17.67914],[168.41329,-17.68021],[168.41324,-17.68023],[168.413,-17.68034],[168.41273,-17.68053],[168.41195,-17.68113],[168.41178,-17.68128],[168.41215,-17.68223],[168.41229,-17.68233],[168.41262,-17.68266],[168.41251,-17.68368],[168.41266,-17.68553],[168.41264,-17.68588],[168.413,-17.68621],[168.41322,-17.68627],[168.41773,-17.68993],[168.41824,-17.69098],[168.41973,-17.69242],[168.42001,-17.6929],[168.42035,-17.69389],[168.42053,-17.69419],[168.42145,-17.69469],[168.42147,-17.69475],[168.42166,-17.69539],[168.42189,-17.69584],[168.4235,-17.69711],[168.42351,-17.69721],[168.42434,-17.69889],[168.42436,-17.69891],[168.42437,-17.69907],[168.42401,-17.69932],[168.42381,-17.6997],[168.42356,-17.69997],[168.42324,-17.70001],[168.42295,-17.69995],[168.42216,-17.6998],[168.42202,-17.69981],[168.42039,-17.70088],[168.42022,-17.70349],[168.41956,-17.7054],[168.41816,-17.70657],[168.41681,-17.70839],[168.41669,-17.70901],[168.4167,-17.7093],[168.41628,-17.70969],[168.41575,-17.71012],[168.41456,-17.71058],[168.41639,-17.71305],[168.41635,-17.7132],[168.41519,-17.71455],[168.41456,-17.71594],[168.41429,-17.71652],[168.41405,-17.7169],[168.41407,-17.71887],[168.41434,-17.72],[168.41416,-17.72017],[168.41273,-17.72053],[168.41236,-17.7209],[168.41212,-17.7212],[168.41059,-17.72216],[168.40972,-17.72288],[168.40531,-17.72415],[168.40158,-17.72672],[168.40105,-17.72706],[168.39688,-17.72909],[168.39445,-17.73105],[168.3938,-17.73099],[168.39345,-17.73088],[168.39341,-17.73088],[168.39318,-17.73124],[168.3925,-17.73131],[168.39247,-17.73231],[168.39191,-17.73218],[168.39161,-17.73236],[168.39168,-17.7325],[168.39178,-17.73268],[168.39183,-17.73287],[168.39182,-17.73291],[168.39171,-17.7331],[168.39155,-17.73335],[168.39153,-17.73377],[168.39088,-17.7345],[168.39072,-17.73467],[168.3907,-17.73538],[168.39067,-17.73732],[168.391,-17.73755],[168.39136,-17.73764],[168.39224,-17.73873],[168.39238,-17.73944],[168.3924,-17.73953],[168.39257,-17.7403],[168.39258,-17.74129],[168.39249,-17.74137],[168.39246,-17.74139],[168.39203,-17.74159],[168.39151,-17.74187],[168.39146,-17.74198],[168.39093,-17.7432],[168.39029,-17.74422],[168.39022,-17.74438],[168.39022,-17.74452],[168.39027,-17.74472],[168.39031,-17.74478],[168.39056,-17.7448],[168.391,-17.74486],[168.39197,-17.74607],[168.39215,-17.74648],[168.39194,-17.7475],[168.39194,-17.74754],[168.39202,-17.74793],[168.39187,-17.74832],[168.39166,-17.74842],[168.39111,-17.74854],[168.39047,-17.74861],[168.39018,-17.74856],[168.38973,-17.74967],[168.38976,-17.74972],[168.39011,-17.75043],[168.38974,-17.75161],[168.38635,-17.75613],[168.38523,-17.7564],[168.38265,-17.75694],[168.37985,-17.75736],[168.37708,-17.758],[168.37562,-17.75844],[168.37186,-17.75513],[168.37173,-17.75502],[168.36895,-17.75227],[168.36835,-17.75144],[168.3675,-17.7504],[168.36715,-17.75004],[168.36553,-17.74912],[168.36391,-17.7484],[168.3631,-17.7501],[168.36301,-17.75029],[168.35848,-17.75525],[168.35471,-17.75578],[168.35431,-17.75635],[168.35319,-17.75764],[168.34903,-17.7599],[168.34705,-17.76055],[168.34171,-17.76184],[168.34124,-17.76223],[168.3424,-17.76976],[168.34245,-17.7716],[168.34254,-17.77461]]]},"properties":{"ADM1_EN":"SHEFA","ADM2_EN":"Eratap"}},
{"type":"Feature","geometry":{"type":"Polygon","coordinates":[[[168.38321,-17.63793],[168.3845,-17.63943],[168.3865,-17.63758],[168.38722,-17.63766],[168.38786,-17.63739],[168.38815,-17.63727],[168.38894,-17.63711],[168.38925,-17.63707],[168.39241,-17.63909],[168.39263,-17.63922],[168.39336,-17.63976],[168.39491,-17.64142],[168.39724,-17.64247],[168.40025,-17.64367],[168.40491,-17.64643],[168.4065,-17.64601],[168.40743,-17.64606],[168.40771,-17.64652],[168.40978,-17.64871],[168.41204,-17.64949],[168.41212,-17.64993],[168.4097,-17.65262],[168.41005,-17.65353],[168.41396,-17.65224],[168.41469,-17.65178],[168.41547,-17.65184],[168.4163,-17.65239],[168.41721,-17.65286],[168.41851,-17.6525],[168.42461,-17.64911],[168.42478,-17.6489],[168.4283,-17.64985],[168.42835,-17.64988],[168.43029,-17.64925],[168.43036,-17.64925],[168.43068,-17.64929],[168.43146,-17.65034],[168.4325,-17.65211],[168.43261,-17.65317],[168.43261,-17.65475],[168.43246,-17.65502],[168.42942,-17.65847],[168.42729,-17.66002],[168.42697,-17.66182],[168.42689,-17.66312],[168.42659,-17.66357],[168.42622,-17.66403],[168.42577,-17.66545],[168.42725,-17.6657],[168.43037,-17.66761],[168.43135,-17.66862],[168.43239,-17.66969],[168.4362,-17.67269],[168.43785,-17.67346],[168.44107,-17.67473],[168.44435,-17.67616],[168.44599,-17.67657],[168.44843,-17.67764],[168.45154,-17.67802],[168.457,-17.67929],[168.45781,-17.67942],[168.45861,-17.68153],[168.45861,-17.6818],[168.46061,-17.68448],[168.4607,-17.68452],[168.46091,-17.6847],[168.46101,-17.68479],[168.46273,-17.68612],[168.46277,-17.68618],[168.46407,-17.68727],[168.46487,-17.68691],[168.46517,-17.68743],[168.46513,-17.68755],[168.46564,-17.68804],[168.46641,-17.6869],[168.46762,-17.68776],[168.46779,-17.68796],[168.46777,-17.688],[168.46747,-17.68828],[168.46713,-17.68846],[168.46635,-17.68968],[168.46627,-17.69],[168.46628,-17.69025],[168.46733,-17.69062],[168.46786,-17.69062],[168.46791,-17.69096],[168.46791,-17.69097],[168.46759,-17.69133],[168.46646,-17.69141],[168.46613,-17.69141],[168.46608,-17.69194],[168.46644,-17.69218],[168.467,-17.69265],[168.46709,-17.69277],[168.46707,-17.69493],[168.4669,-17.69528],[168.46641,-17.69606],[168.46542,-17.69822],[168.46428,-17.69838],[168.46355,-17.69847],[168.46354,-17.69851],[168.46323,-17.70021],[168.46303,-17.70186],[168.46202,-17.70315],[168.46268,-17.7056],[168.4633,-17.70625],[168.46373,-17.70714],[168.46487,-17.7083],[168.46541,-17.70963],[168.46592,-17.71032],[168.46563,-17.71056],[168.46551,-17.71122],[168.46521,-17.71121],[168.46482,-17.71085],[168.46482,-17.71086],[168.46484,-17.71094],[168.46495,-17.71134],[168.46497,-17.7115],[168.46498,-17.71184],[168.46606,-17.71226],[168.46605,-17.71214],[168.46614,-17.71161],[168.46621,-17.71159],[168.46639,-17.71165],[168.4668,-17.7117],[168.46688,-17.71167],[168.46695,-17.71165],[168.46701,-17.71175],[168.46673,-17.71195],[168.46661,-17.71221],[168.4666,-17.71226],[168.46659,-17.71253],[168.4662,-17.71316],[168.46616,-17.7133],[168.46612,-17.71343],[168.4662,-17.71386],[168.46621,-17.71399],[168.46598,-17.71423],[168.46573,-17.71458],[168.46598,-17.71468],[168.46658,-17.71495],[168.46662,-17.71505],[168.46664,-17.71513],[168.46674,-17.71544],[168.46676,-17.71546],[168.46686,-17.71551],[168.46753,-17.71512],[168.4676,-17.71536],[168.46772,-17.71745],[168.46787,-17.71774],[168.4678,-17.71857],[168.46773,-17.71879],[168.46769,-17.71898],[168.46736,-17.7195],[168.4671,-17.71977],[168.46656,-17.72108],[168.46644,-17.72209],[168.4655,-17.72128],[168.46531,-17.72116],[168.46402,-17.7231],[168.46391,-17.72344],[168.46354,-17.72454],[168.46321,-17.72545],[168.46348,-17.72664],[168.46381,-17.72708],[168.46462,-17.72755],[168.46494,-17.72785],[168.46515,-17.72813],[168.46534,-17.72871],[168.46527,-17.72891],[168.46517,-17.72908],[168.46496,-17.72906],[168.46469,-17.72918],[168.4647,-17.7292],[168.46483,-17.72932],[168.46507,-17.72953],[168.46511,-17.72973],[168.46589,-17.7298],[168.4659,-17.72981],[168.46595,-17.73001],[168.46577,-17.73068],[168.46559,-17.73068],[168.46455,-17.731],[168.46391,-17.73113],[168.46338,-17.73005],[168.46325,-17.72987],[168.46292,-17.72989],[168.4627,-17.73018],[168.46296,-17.73095],[168.46342,-17.73116],[168.46374,-17.73176],[168.46407,-17.73211],[168.4639,-17.73219],[168.46379,-17.73228],[168.46273,-17.73263],[168.46249,-17.73261],[168.46237,-17.7328],[168.46275,-17.73368],[168.46277,-17.73422],[168.4622,-17.73493],[168.4616,-17.73447],[168.46145,-17.73444],[168.46139,-17.73445],[168.4607,-17.73461],[168.46041,-17.73433],[168.46031,-17.73398],[168.46027,-17.73396],[168.46014,-17.73403],[168.46038,-17.73567],[168.46042,-17.73574],[168.45933,-17.73598],[168.45918,-17.73587],[168.45879,-17.73528],[168.45877,-17.7352],[168.4584,-17.73491],[168.4583,-17.73536],[168.45831,-17.736],[168.45824,-17.73658],[168.45753,-17.73697],[168.45828,-17.73881],[168.4583,-17.73882],[168.45935,-17.73955],[168.45936,-17.73959],[168.45932,-17.73964],[168.45859,-17.74006],[168.45781,-17.74087],[168.45779,-17.74092],[168.45715,-17.74353],[168.45696,-17.74358],[168.45693,-17.7441],[168.45654,-17.7457],[168.45585,-17.74627],[168.45574,-17.74661],[168.45497,-17.75],[168.45415,-17.75193],[168.45075,-17.75992],[168.45124,-17.76183],[168.45219,-17.76271],[168.45334,-17.76284],[168.45338,-17.76321],[168.45336,-17.76337],[168.45423,-17.7641],[168.45428,-17.76471],[168.45405,-17.76493],[168.45403,-17.76509],[168.45481,-17.76603],[168.45496,-17.76629],[168.45507,-17.76673],[168.45502,-17.76692],[168.45447,-17.76839],[168.45434,-17.76858],[168.45396,-17.76884],[168.45372,-17.76998],[168.45373,-17.77002],[168.45393,-17.77077],[168.45392,-17.77084],[168.45373,-17.771],[168.4532,-17.772],[168.45341,-17.77215],[168.45355,-17.77217],[168.45441,-17.77224],[168.45484,-17.77322],[168.45466,-17.77348],[168.45316,-17.77434],[168.45086,-17.77815],[168.44888,-17.77884],[168.44852,-17.77897],[168.44824,-17.77945],[168.448,-17.78082],[168.44741,-17.78166],[168.44753,-17.78188],[168.4477,-17.78205],[168.44788,-17.78319],[168.44799,-17.78323],[168.44948,-17.78359],[168.45033,-17.78434],[168.45072,-17.78667],[168.45086,-17.78698],[168.45162,-17.78866],[168.45135,-17.78895],[168.45118,-17.78922],[168.45122,-17.78964],[168.45152,-17.79011],[168.45197,-17.79194],[168.45143,-17.79296],[168.45138,-17.79317],[168.45001,-17.7952],[168.45671,-17.79688],[168.45526,-17.80066],[168.45684,-17.81307],[168.46156,-17.81385],[168.46514,-17.81116],[168.46563,-17.80866],[168.46974,-17.80798],[168.47325,-17.81263],[168.47584,-17.81188],[168.48385,-17.81691],[168.4935,-17.81791],[168.49829,-17.81657],[168.50286,-17.81001],[168.50308,-17.80766],[168.50128,-17.8066],[168.50276,-17.80429],[168.5086,-17.8061],[168.51769,-17.80635],[168.5256,-17.80391],[168.52911,-17.80132],[168.53542,-17.80126],[168.54523,-17.79788],[168.55248,-17.7941],[168.55839,-17.78488],[168.56121,-17.77663],[168.56007,-17.77444],[168.56098,-17.77175],[168.55882,-17.76788],[168.5597,-17.76625],[168.55757,-17.765],[168.55947,-17.76347],[168.55731,-17.76125],[168.56213,-17.76038],[168.56538,-17.75172],[168.56509,-17.74443],[168.56171,-17.74125],[168.56151,-17.73837],[168.56706,-17.73702],[168.57868,-17.72008],[168.57635,-17.71827],[168.58081,-17.71714],[168.59466,-17.69219],[168.59404,-17.68844],[168.58639,-17.68503],[168.57667,-17.68409],[168.56525,-17.68562],[168.56,-17.68234],[168.54789,-17.68328],[168.54165,-17.68231],[168.54326,-17.67859],[168.54556,-17.67846],[168.545,-17.67605],[168.54667,-17.67524],[168.54349,-17.66661],[168.53617,-17.6622],[168.53158,-17.65679],[168.5275,-17.65544],[168.52734,-17.65256],[168.52268,-17.65],[168.52301,-17.64653],[168.52051,-17.64456],[168.5152,-17.64246],[168.51306,-17.64403],[168.50591,-17.63883],[168.50683,-17.63477],[168.50368,-17.63029],[168.50502,-17.62901],[168.49967,-17.62401],[168.50286,-17.6211],[168.50371,-17.61747],[168.50184,-17.6098],[168.49951,-17.60736],[168.49819,-17.59644],[168.49046,-17.59127],[168.49025,-17.59167],[168.49017,-17.59349],[168.48997,-17.59543],[168.48975,-17.59652],[168.48942,-17.59735],[168.48786,-17.59971],[168.48769,-17.59981],[168.4874,-17.5999],[168.48666,-17.59998],[168.48465,-17.6012],[168.48374,-17.60136],[168.48011,-17.60046],[168.47842,-17.59986],[168.47543,-17.60028],[168.47041,-17.60142],[168.47036,-17.60144],[168.46954,-17.60173],[168.46225,-17.60123],[168.46128,-17.60146],[168.46038,-17.60189],[168.45962,-17.60198],[168.45917,-17.60203],[168.45764,-17.60248],[168.45457,-17.60348],[168.45253,-17.60369],[168.45049,-17.60449],[168.4503,-17.60528],[168.45016,-17.60575],[168.44978,-17.60654],[168.4488,-17.60785],[168.44704,-17.60828],[168.44468,-17.60899],[168.44337,-17.60916],[168.44278,-17.60973],[168.44251,-17.61021],[168.44167,-17.61171],[168.43668,-17.6134],[168.4361,-17.6152],[168.43609,-17.61522],[168.43579,-17.61685],[168.4355,-17.61703],[168.435,-17.61708],[168.43423,-17.61697],[168.43366,-17.61636],[168.43299,-17.61595],[168.43203,-17.61574],[168.42945,-17.61497],[168.42776,-17.61644],[168.42336,-17.61769],[168.42323,-17.61722],[168.42206,-17.61671],[168.42124,-17.6171],[168.42127,-17.61713],[168.42041,-17.61717],[168.41968,-17.61716],[168.41905,-17.61801],[168.41928,-17.61845],[168.41845,-17.61956],[168.41796,-17.61956],[168.41756,-17.61935],[168.41652,-17.61892],[168.41504,-17.61928],[168.41412,-17.61798],[168.4134,-17.61804],[168.41168,-17.61737],[168.41256,-17.61703],[168.41196,-17.61664],[168.41096,-17.61659],[168.40917,-17.61479],[168.40747,-17.61328],[168.40488,-17.61253],[168.40369,-17.6119],[168.40314,-17.61134],[168.40348,-17.6108],[168.40358,-17.61048],[168.40361,-17.61033],[168.40365,-17.60953],[168.40343,-17.60892],[168.40221,-17.60803],[168.40098,-17.60771],[168.40098,-17.6077],[168.40104,-17.6076],[168.40052,-17.60662],[168.40022,-17.60647],[168.39998,-17.60611],[168.39991,-17.60602],[168.3992,-17.60663],[168.3991,-17.60703],[168.39861,-17.60736],[168.39805,-17.60691],[168.39702,-17.60667],[168.39596,-17.60651],[168.3944,-17.60537],[168.3941,-17.60535],[168.3928,-17.60423],[168.39219,-17.60435],[168.39165,-17.60391],[168.3899,-17.60351],[168.38969,-17.60336],[168.38957,-17.60328],[168.38904,-17.6034],[168.38891,-17.60343],[168.38816,-17.60212],[168.38791,-17.60183],[168.38724,-17.60165],[168.38684,-17.60112],[168.38617,-17.60114],[168.38603,-17.60143],[168.38586,-17.60166],[168.38525,-17.60199],[168.38519,-17.60202],[168.38495,-17.60205],[168.38275,-17.60224],[168.38134,-17.60291],[168.38089,-17.6031],[168.3771,-17.60298],[168.37675,-17.60288],[168.37639,-17.60267],[168.37624,-17.60253],[168.37602,-17.60245],[168.37488,-17.60267],[168.37454,-17.60235],[168.3708,-17.60202],[168.37069,-17.60203],[168.36946,-17.60341],[168.36946,-17.60344],[168.36723,-17.60699],[168.36716,-17.60814],[168.36685,-17.60944],[168.36526,-17.61504],[168.36477,-17.61711],[168.36473,-17.61724],[168.36407,-17.61895],[168.36452,-17.62167],[168.3645,-17.62195],[168.36436,-17.62271],[168.36479,-17.62369],[168.36544,-17.62391],[168.36637,-17.62373],[168.36704,-17.62332],[168.37383,-17.62562],[168.37423,-17.62567],[168.37597,-17.6263],[168.37612,-17.62648],[168.3769,-17.62706],[168.37716,-17.62723],[168.37723,-17.62727],[168.37902,-17.62797],[168.37915,-17.6282],[168.37942,-17.62905],[168.38009,-17.63077],[168.38044,-17.63166],[168.38048,-17.63174],[168.38156,-17.63259],[168.38371,-17.63555],[168.38321,-17.63793]]]},"properties":{"ADM1_EN":"SHEFA","ADM2_EN":"East Efate"}},
{"type":"Feature","geometry":{"type":"Polygon","coordinates":[[[167.5109,-14.25827],[167.50876,-14.25265],[167.50817,-14.25182],[167.50223,-14.24437],[167.49707,-14.23801],[167.49446,-14.23433],[167.49068,-14.22961],[167.48813,-14.22858],[167.48512,-14.22585],[167.4811,-14.22397],[167.48047,-14.22334],[167.47962,-14.22265],[167.47852,-14.22201],[167.4774,-14.22151],[167.47678,-14.22098],[167.47539,-14.22031],[167.4753,-14.22028],[167.47472,-14.21966],[167.4739,-14.21903],[167.47351,-14.21867],[167.47316,-14.21851],[167.47286,-14.21827],[167.47251,-14.21813],[167.47245,-14.21812],[167.47222,-14.21808],[167.47187,-14.21797],[167.47177,-14.21796],[167.47143,-14.21788],[167.47138,-14.21786],[167.47107,-14.21758],[167.4707,-14.21709],[167.47055,-14.21685],[167.47018,-14.21634],[167.46986,-14.21575],[167.46942,-14.215],[167.46907,-14.21357],[167.46901,-14.2133],[167.46838,-14.21225],[167.46822,-14.21217],[167.4682,-14.21217],[167.46772,-14.21201],[167.46689,-14.21114],[167.46516,-14.20871],[167.46447,-14.20665],[167.46551,-14.2113],[167.46332,-14.21675],[167.45809,-14.21691],[167.44861,-14.22148],[167.44757,-14.2273],[167.4358,-14.22515],[167.43423,-14.22616],[167.43201,-14.22864],[167.43181,-14.23326],[167.42645,-14.24302],[167.42587,-14.25316],[167.42227,-14.25518],[167.42155,-14.25943],[167.42528,-14.26437],[167.42384,-14.27197],[167.42835,-14.27913],[167.42704,-14.28236],[167.42279,-14.28603],[167.42299,-14.29041],[167.42619,-14.29813],[167.42959,-14.30212],[167.43266,-14.30288],[167.43273,-14.30478],[167.43044,-14.307],[167.43476,-14.3127],[167.43005,-14.31904],[167.42711,-14.32841],[167.42737,-14.33189],[167.42299,-14.34089],[167.41501,-14.3507],[167.41658,-14.3545],[167.42096,-14.35444],[167.42345,-14.35723],[167.43273,-14.35849],[167.43404,-14.36014],[167.43371,-14.36413],[167.43619,-14.36527],[167.44783,-14.3659],[167.45554,-14.36375],[167.45979,-14.36406],[167.46358,-14.36204],[167.46666,-14.36191],[167.46953,-14.36362],[167.48261,-14.36058],[167.48685,-14.36096],[167.49117,-14.36432],[167.49509,-14.36432],[167.49607,-14.36704],[167.50084,-14.36805],[167.50843,-14.36913],[167.5115,-14.36774],[167.51581,-14.36805],[167.52202,-14.37084],[167.53117,-14.3704],[167.53823,-14.37236],[167.54804,-14.36976],[167.55092,-14.37027],[167.55804,-14.36698],[167.56366,-14.36242],[167.56471,-14.35982],[167.56928,-14.35824],[167.56928,-14.35609],[167.57404,-14.35514],[167.57354,-14.35181],[167.57368,-14.35138],[167.5734,-14.35071],[167.57246,-14.35],[167.57233,-14.34991],[167.57229,-14.3499],[167.57063,-14.34923],[167.57002,-14.34907],[167.56839,-14.34863],[167.56763,-14.3485],[167.56581,-14.3482],[167.56558,-14.34816],[167.56299,-14.34692],[167.56246,-14.34473],[167.55901,-14.3382],[167.55887,-14.33796],[167.55659,-14.33335],[167.55355,-14.33178],[167.54891,-14.32902],[167.54815,-14.32864],[167.54448,-14.32556],[167.54301,-14.3236],[167.54341,-14.32044],[167.54417,-14.3173],[167.54535,-14.31518],[167.54552,-14.31479],[167.54569,-14.31441],[167.54609,-14.31395],[167.54741,-14.31243],[167.54407,-14.31033],[167.54084,-14.30886],[167.5408,-14.30866],[167.53647,-14.30935],[167.53642,-14.30936],[167.53571,-14.30931],[167.53221,-14.3083],[167.53212,-14.30826],[167.52937,-14.30719],[167.52716,-14.30532],[167.52537,-14.30505],[167.52499,-14.30502],[167.5236,-14.30498],[167.52263,-14.30488],[167.52093,-14.3027],[167.52088,-14.30251],[167.52273,-14.29379],[167.52289,-14.29317],[167.52348,-14.29266],[167.52548,-14.29147],[167.52654,-14.29225],[167.52652,-14.29119],[167.5287,-14.28885],[167.52943,-14.28274],[167.52951,-14.28085],[167.52969,-14.2792],[167.5253,-14.27424],[167.51436,-14.2692],[167.51152,-14.26836],[167.50959,-14.2692],[167.50288,-14.27368],[167.50104,-14.27454],[167.50035,-14.27438],[167.4971,-14.27231],[167.49656,-14.26755],[167.49809,-14.26655],[167.50117,-14.26396],[167.50296,-14.26331],[167.50504,-14.26208],[167.5109,-14.25827]]]},"properties":{"ADM1_EN":"TORBA","ADM2_EN":"West Gaua"}},
{"type":"Feature","geometry":{"type":"Polygon","coordinates":[[[167.54341,-14.32044],[167.54302,-14.3236],[167.54448,-14.32556],[167.54815,-14.32864],[167.54891,-14.32902],[167.55355,-14.33178],[167.55659,-14.33335],[167.55887,-14.33796],[167.55901,-14.3382],[167.56246,-14.34473],[167.563,-14.34692],[167.56558,-14.34816],[167.56581,-14.3482],[167.56763,-14.3485],[167.56839,-14.34863],[167.57002,-14.34907],[167.57063,-14.34923],[167.57229,-14.3499],[167.57233,-14.34991],[167.57246,-14.35],[167.5734,-14.35071],[167.57368,-14.35138],[167.57354,-14.35181],[167.57404,-14.35514],[167.58133,-14.34047],[167.58388,-14.33281],[167.58453,-14.32255],[167.58806,-14.31862],[167.58911,-14.31064],[167.59329,-14.30849],[167.60035,-14.29874],[167.60296,-14.29126],[167.6014,-14.28417],[167.60571,-14.27986],[167.60859,-14.27238],[167.60689,-14.25959],[167.6044,-14.25236],[167.5963,-14.24679],[167.59747,-14.24349],[167.60388,-14.23652],[167.59342,-14.22563],[167.59237,-14.21878],[167.58757,-14.21495],[167.57948,-14.21697],[167.58005,-14.21324],[167.57495,-14.21172],[167.57456,-14.20944],[167.56842,-14.20969],[167.56201,-14.20791],[167.55861,-14.205],[167.54136,-14.20291],[167.52482,-14.19638],[167.51632,-14.20018],[167.50311,-14.20335],[167.49931,-14.2088],[167.49135,-14.20973],[167.48892,-14.20789],[167.48222,-14.21357],[167.46918,-14.21018],[167.46447,-14.20665],[167.46516,-14.20871],[167.46689,-14.21114],[167.46772,-14.21201],[167.4682,-14.21217],[167.46822,-14.21217],[167.46838,-14.21225],[167.46901,-14.2133],[167.46907,-14.21357],[167.46942,-14.215],[167.46986,-14.21575],[167.47018,-14.21634],[167.47055,-14.21685],[167.4707,-14.21709],[167.47107,-14.21758],[167.47138,-14.21786],[167.47143,-14.21788],[167.47177,-14.21796],[167.47187,-14.21797],[167.47222,-14.21808],[167.47245,-14.21812],[167.47251,-14.21813],[167.47286,-14.21827],[167.47316,-14.21851],[167.47351,-14.21867],[167.4739,-14.21903],[167.47472,-14.21966],[167.4753,-14.22028],[167.47539,-14.22031],[167.47678,-14.22098],[167.4774,-14.22151],[167.47852,-14.22201],[167.47962,-14.22265],[167.48047,-14.22334],[167.4811,-14.22397],[167.48512,-14.22585],[167.48813,-14.22858],[167.49068,-14.22961],[167.49446,-14.23433],[167.49707,-14.23801],[167.50223,-14.24437],[167.50817,-14.25182],[167.50876,-14.25265],[167.5109,-14.25827],[167.50504,-14.26208],[167.50296,-14.26331],[167.50117,-14.26396],[167.49809,-14.26655],[167.49656,-14.26755],[167.4971,-14.27231],[167.50035,-14.27438],[167.50104,-14.27454],[167.50288,-14.27368],[167.50959,-14.2692],[167.51152,-14.26836],[167.51436,-14.2692],[167.5253,-14.27424],[167.52969,-14.2792],[167.52951,-14.28085],[167.52943,-14.28274],[167.5287,-14.28885],[167.52652,-14.29119],[167.52654,-14.29225],[167.52548,-14.29147],[167.52348,-14.29266],[167.52289,-14.29317],[167.52273,-14.29379],[167.52088,-14.30251],[167.52093,-14.3027],[167.52263,-14.30488],[167.5236,-14.30498],[167.52499,-14.30502],[167.52537,-14.30505],[167.52716,-14.30532],[167.52937,-14.30719],[167.53212,-14.30826],[167.53221,-14.3083],[167.53571,-14.30931],[167.53642,-14.30936],[167.53647,-14.30935],[167.5408,-14.30866],[167.54084,-14.30886],[167.54407,-14.31033],[167.54741,-14.31243],[167.54609,-14.31395],[167.54569,-14.31441],[167.54552,-14.31479],[167.54535,-14.31518],[167.54417,-14.3173],[167.54341,-14.32044]]]},"properties":{"ADM1_EN":"TORBA","ADM2_EN":"East Gaua"}},
{"type":"Feature","geometry":{"type":"Polygon","coordinates":[[[169.01154,-18.825],[169.00864,-18.82738],[169.00882,-18.8296],[169.00173,-18.83452],[168.99958,-18.83913],[168.99702,-18.83953],[168.99664,-18.84172],[168.99003,-18.84499],[168.98899,-18.85095],[168.991,-18.86225],[168.9901,-18.86876],[168.9929,-18.8758],[169.00363,-18.88461],[169.01266,-18.88589],[169.02425,-18.89325],[169.05155,-18.89957],[169.06175,-18.89846],[169.05853,-18.9034],[169.06449,-18.91495],[169.0894,-18.92133],[169.09199,-18.92346],[169.09137,-18.92588],[169.09964,-18.92755],[169.10458,-18.9322],[169.11835,-18.9374],[169.12361,-18.9374],[169.13237,-18.94215],[169.14351,-18.94585],[169.1571,-18.9396],[169.16136,-18.93979],[169.16804,-18.94293],[169.17205,-18.93999],[169.17603,-18.93979],[169.17547,-18.93616],[169.17686,-18.93953],[169.17202,-18.94179],[169.17755,-18.94735],[169.18412,-18.95095],[169.1853,-18.95383],[169.19118,-18.95318],[169.19866,-18.95835],[169.20696,-18.95867],[169.21699,-18.9643],[169.22896,-18.96626],[169.23249,-18.97117],[169.24287,-18.97601],[169.25685,-18.98681],[169.26702,-18.98975],[169.27242,-18.99368],[169.27705,-18.99303],[169.28494,-18.99577],[169.28799,-18.99473],[169.29927,-18.98426],[169.31179,-18.98131],[169.3344,-18.95738],[169.25531,-18.91595],[169.22412,-18.90023],[169.21227,-18.89561],[169.20364,-18.89019],[169.19096,-18.88094],[169.18902,-18.87634],[169.18535,-18.87426],[169.1678,-18.86464],[169.15802,-18.85616],[169.14949,-18.85243],[169.13812,-18.84769],[169.11539,-18.83965],[169.10764,-18.83506],[169.09525,-18.81278],[169.09069,-18.81345],[169.08398,-18.81489],[169.06863,-18.81679],[169.06631,-18.81486],[169.05777,-18.81658],[169.05379,-18.81999],[169.04849,-18.82065],[169.03228,-18.82677],[169.01677,-18.82783],[169.01154,-18.825]]]},"properties":{"ADM1_EN":"TAFEA","ADM2_EN":"South Erromango"}},
{"type":"Feature","geometry":{"type":"MultiPolygon","coordinates":[[[[166.93859,-15.43408],[166.93853,-15.43414],[166.93829,-15.43446],[166.93728,-15.43584],[166.93626,-15.4405],[166.93633,-15.4407],[166.94196,-15.44804],[166.94056,-15.45173],[166.94038,-15.4518],[166.93876,-15.45407],[166.93535,-15.45424],[166.93315,-15.45415],[166.93078,-15.4548],[166.92777,-15.45618],[166.92747,-15.45623],[166.92458,-15.45637],[166.92364,-15.45864],[166.92378,-15.46003],[166.92466,-15.46135],[166.92489,-15.46174],[166.92489,-15.46176],[166.92296,-15.46324],[166.91994,-15.46396],[166.91915,-15.46403],[166.91553,-15.46304],[166.91501,-15.46492],[166.91215,-15.46809],[166.90888,-15.47205],[166.90834,-15.47238],[166.90699,-15.47456],[166.90839,-15.47653],[166.90718,-15.477],[166.90007,-15.48107],[166.90145,-15.48099],[166.90225,-15.48144],[166.9023,-15.48151],[166.90264,-15.48221],[166.90327,-15.48235],[166.90345,-15.48226],[166.90442,-15.48153],[166.90534,-15.48177],[166.90534,-15.48179],[166.90501,-15.48377],[166.90658,-15.4839],[166.90824,-15.4842],[166.90998,-15.48493],[166.91125,-15.48713],[166.90912,-15.48911],[166.90866,-15.49036],[166.90771,-15.49481],[166.90766,-15.49495],[166.90504,-15.49523],[166.90382,-15.49701],[166.90376,-15.49782],[166.90354,-15.49941],[166.90605,-15.50204],[166.9066,-15.50266],[166.90657,-15.50273],[166.90633,-15.50316],[166.90631,-15.50317],[166.90438,-15.50415],[166.90479,-15.50528],[166.9059,-15.50651],[166.90594,-15.50654],[166.90793,-15.5085],[166.90823,-15.50943],[166.90847,-15.50968],[166.90892,-15.50994],[166.91048,-15.51066],[166.91046,-15.51225],[166.91058,-15.51272],[166.91434,-15.51223],[166.91447,-15.51232],[166.91562,-15.51396],[166.91624,-15.51449],[166.9168,-15.51608],[166.91693,-15.51657],[166.91857,-15.51938],[166.92002,-15.51908],[166.92165,-15.51943],[166.92197,-15.5207],[166.91868,-15.52474],[166.91718,-15.5267],[166.91792,-15.52944],[166.9178,-15.53191],[166.91384,-15.53708],[166.91078,-15.54003],[166.91265,-15.54156],[166.91614,-15.54426],[166.91761,-15.54576],[166.91891,-15.54777],[166.91668,-15.54992],[166.92012,-15.55665],[166.92066,-15.55733],[166.92262,-15.56007],[166.92265,-15.5601],[166.92373,-15.56149],[166.92405,-15.56223],[166.92467,-15.56367],[166.92556,-15.56583],[166.92657,-15.56706],[166.92854,-15.5681],[166.92963,-15.56877],[166.92967,-15.56896],[166.92967,-15.56906],[166.93029,-15.571],[166.93051,-15.57128],[166.93078,-15.57173],[166.93216,-15.57356],[166.93259,-15.57391],[166.93303,-15.57426],[166.93334,-15.57455],[166.93357,-15.57478],[166.93367,-15.57489],[166.93393,-15.57516],[166.93418,-15.57542],[166.93452,-15.57577],[166.9346,-15.57586],[166.93498,-15.57606],[166.93586,-15.57635],[166.93639,-15.57651],[166.93657,-15.57656],[166.93678,-15.57662],[166.93744,-15.57697],[166.93783,-15.57719],[166.93886,-15.5797],[166.93897,-15.58016],[166.93939,-15.58096],[166.93992,-15.58211],[166.93992,-15.58217],[166.93923,-15.58385],[166.93904,-15.58471],[166.93917,-15.58516],[166.93948,-15.58564],[166.9397,-15.58597],[166.93988,-15.58639],[166.94987,-15.58282],[166.97026,-15.58087],[166.98178,-15.58275],[166.99079,-15.58804],[166.99351,-15.58403],[166.99849,-15.58141],[167.0042,-15.58102],[167.00623,-15.58432],[167.01248,-15.58321],[167.02256,-15.58539],[167.02553,-15.58256],[167.0299,-15.58167],[167.03095,-15.5797],[167.03158,-15.58062],[167.03735,-15.57888],[167.04138,-15.58104],[167.04061,-15.58495],[167.0444,-15.5848],[167.04498,-15.58744],[167.04659,-15.58708],[167.04644,-15.58943],[167.05103,-15.592],[167.05295,-15.59668],[167.05667,-15.59775],[167.05684,-15.60064],[167.05991,-15.60291],[167.0641,-15.60363],[167.06728,-15.60168],[167.07552,-15.603],[167.07771,-15.60166],[167.08187,-15.60199],[167.08482,-15.59815],[167.08459,-15.60126],[167.08877,-15.59875],[167.09061,-15.60112],[167.08892,-15.60346],[167.09467,-15.60409],[167.10113,-15.60227],[167.1032,-15.59752],[167.10651,-15.60051],[167.1082,-15.59996],[167.11017,-15.59622],[167.11326,-15.59419],[167.11452,-15.58566],[167.12748,-15.57596],[167.13794,-15.56151],[167.14231,-15.56029],[167.14495,-15.55953],[167.14727,-15.55578],[167.14546,-15.55348],[167.14692,-15.54826],[167.146,-15.54734],[167.14788,-15.54064],[167.14993,-15.54163],[167.15313,-15.5369],[167.1535,-15.53188],[167.15162,-15.53065],[167.15161,-15.53065],[167.15013,-15.52875],[167.14989,-15.52828],[167.14948,-15.52737],[167.14944,-15.52727],[167.14928,-15.52672],[167.14861,-15.52447],[167.14837,-15.52387],[167.14758,-15.52217],[167.14722,-15.52164],[167.14667,-15.52099],[167.14647,-15.5207],[167.146,-15.51994],[167.14545,-15.51904],[167.14466,-15.51819],[167.14416,-15.51766],[167.14159,-15.51781],[167.13999,-15.52148],[167.1406,-15.52507],[167.14041,-15.52518],[167.13838,-15.52719],[167.13764,-15.52854],[167.13679,-15.52887],[167.1342,-15.52883],[167.13351,-15.53064],[167.13348,-15.53071],[167.13329,-15.53159],[167.13311,-15.53238],[167.13305,-15.53256],[167.13281,-15.53323],[167.13236,-15.53396],[167.1314,-15.53481],[167.13084,-15.53499],[167.13078,-15.53502],[167.13049,-15.5353],[167.13048,-15.53531],[167.13028,-15.53538],[167.13026,-15.53537],[167.13002,-15.53518],[167.12998,-15.53514],[167.12981,-15.53504],[167.12907,-15.53534],[167.12902,-15.53537],[167.12878,-15.53526],[167.12844,-15.53506],[167.12827,-15.53505],[167.12818,-15.53509],[167.12804,-15.53512],[167.12798,-15.53512],[167.12734,-15.53607],[167.12733,-15.53607],[167.12682,-15.53614],[167.12672,-15.53616],[167.12625,-15.53606],[167.12624,-15.53605],[167.12609,-15.53586],[167.12591,-15.53576],[167.1254,-15.53555],[167.12524,-15.5355],[167.12464,-15.53548],[167.12432,-15.53528],[167.12429,-15.53526],[167.12387,-15.53504],[167.12352,-15.53491],[167.12311,-15.53508],[167.12206,-15.53534],[167.12173,-15.53587],[167.12083,-15.53651],[167.11995,-15.53654],[167.11901,-15.53657],[167.11832,-15.53672],[167.11804,-15.53672],[167.11768,-15.53658],[167.11713,-15.53636],[167.11675,-15.53647],[167.11509,-15.53572],[167.11487,-15.5357],[167.11322,-15.53534],[167.11283,-15.53555],[167.11161,-15.53489],[167.11066,-15.53228],[167.11012,-15.53079],[167.10841,-15.52736],[167.10825,-15.52705],[167.10696,-15.52564],[167.10603,-15.52488],[167.10259,-15.52411],[167.10182,-15.5217],[167.10214,-15.51983],[167.1022,-15.51863],[167.09783,-15.5165],[167.09738,-15.51624],[167.09665,-15.51597],[167.0966,-15.51595],[167.09295,-15.515],[167.09192,-15.51456],[167.09106,-15.51432],[167.08986,-15.5141],[167.08862,-15.51335],[167.08833,-15.51294],[167.08952,-15.51114],[167.08979,-15.51112],[167.09035,-15.51078],[167.09154,-15.50954],[167.09107,-15.5089],[167.09102,-15.50886],[167.08997,-15.50868],[167.08836,-15.50989],[167.08767,-15.50989],[167.08754,-15.50988],[167.08652,-15.50942],[167.08618,-15.50922],[167.08595,-15.5093],[167.08465,-15.51012],[167.08461,-15.50929],[167.08496,-15.50866],[167.0871,-15.50669],[167.08729,-15.50644],[167.08738,-15.50631],[167.08866,-15.50508],[167.08887,-15.50438],[167.0889,-15.50361],[167.08896,-15.50195],[167.08906,-15.50168],[167.08947,-15.50077],[167.08907,-15.50073],[167.08862,-15.50084],[167.08835,-15.50092],[167.08707,-15.50148],[167.08656,-15.5016],[167.0853,-15.50119],[167.08498,-15.50067],[167.08424,-15.49917],[167.08352,-15.49864],[167.08168,-15.49821],[167.081,-15.49756],[167.08087,-15.49729],[167.08076,-15.49682],[167.0807,-15.49653],[167.08061,-15.49604],[167.08011,-15.49355],[167.07898,-15.49247],[167.07747,-15.49236],[167.07628,-15.49202],[167.07609,-15.49134],[167.0763,-15.49078],[167.07651,-15.49017],[167.07621,-15.48965],[167.07303,-15.48433],[167.07299,-15.48427],[167.06931,-15.47808],[167.06615,-15.47278],[167.06504,-15.47083],[167.06368,-15.46801],[167.0573,-15.45571],[167.05435,-15.45115],[167.05237,-15.44807],[167.04973,-15.44621],[167.04455,-15.44256],[167.0421,-15.44083],[167.0388,-15.4385],[167.03823,-15.4381],[167.0381,-15.43796],[167.03793,-15.43774],[167.03697,-15.43614],[167.03662,-15.43534],[167.0366,-15.43492],[167.03643,-15.43401],[167.03638,-15.43391],[167.03625,-15.43374],[167.0354,-15.43297],[167.03508,-15.43293],[167.03476,-15.43301],[167.03393,-15.43314],[167.03375,-15.43317],[167.03318,-15.43441],[167.03205,-15.43443],[167.0319,-15.43429],[167.03185,-15.43401],[167.03183,-15.43382],[167.03182,-15.43353],[167.03174,-15.43289],[167.0315,-15.43243],[167.0307,-15.43225],[167.03039,-15.43126],[167.03088,-15.43028],[167.03005,-15.42891],[167.03003,-15.42888],[167.02794,-15.42801],[167.0282,-15.42684],[167.02804,-15.42675],[167.02691,-15.42676],[167.02678,-15.42679],[167.02612,-15.42687],[167.02556,-15.42774],[167.02506,-15.42762],[167.02375,-15.42774],[167.02356,-15.42774],[167.02277,-15.42752],[167.02246,-15.42727],[167.02218,-15.42684],[167.02194,-15.4265],[167.021,-15.42577],[167.02079,-15.42548],[167.02061,-15.42513],[167.02009,-15.42478],[167.01994,-15.42504],[167.01997,-15.42593],[167.01997,-15.42594],[167.01932,-15.42554],[167.0181,-15.42567],[167.017,-15.42578],[167.01624,-15.42579],[167.01482,-15.42498],[167.01439,-15.42492],[167.01426,-15.42463],[167.01417,-15.42425],[167.01349,-15.4237],[167.01314,-15.42309],[167.01054,-15.41988],[167.01039,-15.41904],[167.01019,-15.41865],[167.00992,-15.41824],[167.00946,-15.41674],[167.00839,-15.4141],[167.00836,-15.41402],[167.00782,-15.41252],[167.00425,-15.41073],[167.0028,-15.41033],[167.00182,-15.41015],[167.00076,-15.4101],[167.00027,-15.40975],[167.00013,-15.40916],[167.00007,-15.40889],[166.99928,-15.40843],[166.99912,-15.40793],[166.99841,-15.40509],[166.99787,-15.40452],[166.99626,-15.40314],[166.99534,-15.40309],[166.99501,-15.40304],[166.99458,-15.4027],[166.9945,-15.40265],[166.99437,-15.40275],[166.99377,-15.40318],[166.99307,-15.403],[166.99303,-15.40255],[166.99302,-15.40247],[166.99247,-15.40174],[166.9923,-15.40103],[166.9923,-15.40045],[166.99206,-15.40021],[166.99168,-15.40008],[166.99127,-15.39896],[166.99101,-15.39826],[166.98955,-15.39712],[166.98945,-15.39706],[166.98741,-15.39627],[166.98727,-15.39621],[166.98684,-15.39542],[166.98675,-15.39514],[166.98574,-15.39397],[166.98564,-15.39388],[166.97969,-15.39206],[166.97952,-15.39164],[166.97933,-15.3912],[166.9789,-15.39048],[166.97881,-15.39038],[166.97797,-15.38935],[166.97179,-15.38619],[166.97175,-15.38623],[166.97114,-15.3865],[166.97056,-15.38657],[166.96735,-15.38908],[166.96526,-15.38726],[166.96461,-15.38782],[166.96334,-15.38748],[166.96145,-15.38829],[166.96051,-15.38833],[166.95283,-15.39296],[166.95259,-15.39291],[166.95261,-15.39345],[166.95284,-15.39366],[166.95311,-15.39431],[166.95312,-15.3944],[166.95129,-15.39527],[166.95055,-15.39547],[166.95012,-15.39652],[166.95005,-15.39745],[166.94727,-15.39946],[166.94684,-15.39996],[166.9469,-15.40027],[166.94771,-15.4008],[166.9481,-15.40114],[166.94839,-15.40153],[166.94871,-15.40235],[166.94871,-15.40273],[166.94871,-15.40479],[166.94635,-15.40658],[166.94523,-15.40702],[166.94471,-15.40765],[166.94389,-15.40814],[166.94432,-15.40919],[166.94619,-15.4107],[166.94648,-15.41116],[166.94652,-15.41169],[166.94712,-15.41265],[166.94742,-15.41293],[166.94667,-15.41388],[166.94629,-15.41387],[166.94521,-15.41383],[166.94469,-15.41383],[166.94467,-15.41524],[166.94584,-15.41718],[166.94642,-15.42045],[166.94609,-15.42061],[166.94562,-15.42076],[166.94447,-15.42048],[166.94376,-15.42295],[166.94381,-15.42338],[166.94506,-15.42465],[166.94705,-15.42718],[166.94187,-15.43178],[166.94068,-15.43272],[166.93859,-15.43408]]],[[[166.98758,-15.59021],[166.98533,-15.59184],[166.98714,-15.5944],[166.99375,-15.5952],[166.99788,-15.59244],[166.99405,-15.59023],[166.98758,-15.59021]]]]},"properties":{"ADM1_EN":"SANMA","ADM2_EN":"South Santo 2"}},
{"type":"Feature","geometry":{"type":"Polygon","coordinates":[[[166.76521,-15.56863],[166.76524,-15.57177],[166.76992,-15.57481],[166.76958,-15.57991],[166.77801,-15.58397],[166.78017,-15.58953],[166.77956,-15.5926],[166.77783,-15.59287],[166.7778,-15.59444],[166.78025,-15.59607],[166.78027,-15.59948],[166.77985,-15.61343],[166.77713,-15.62592],[166.77552,-15.62742],[166.76981,-15.62715],[166.76789,-15.6314],[166.77207,-15.63888],[166.77452,-15.65102],[166.7769,-15.65187],[166.7787,-15.65064],[166.78782,-15.65566],[166.79142,-15.6549],[166.79276,-15.65766],[166.79729,-15.66091],[166.80449,-15.66291],[166.80687,-15.66505],[166.81296,-15.66563],[166.81626,-15.66823],[166.83622,-15.66806],[166.84121,-15.66553],[166.84354,-15.66072],[166.84732,-15.65888],[166.85085,-15.65375],[166.84757,-15.65018],[166.8451,-15.64004],[166.84835,-15.63278],[166.85303,-15.63002],[166.86431,-15.62569],[166.88042,-15.62224],[166.88617,-15.62761],[166.89068,-15.62966],[166.89519,-15.63028],[166.89803,-15.62904],[166.90463,-15.62456],[166.90743,-15.61706],[166.9041,-15.61114],[166.90082,-15.61142],[166.89885,-15.6093],[166.89869,-15.60508],[166.90161,-15.59989],[166.91036,-15.59302],[166.92162,-15.58781],[166.92986,-15.58625],[166.93988,-15.58639],[166.9397,-15.58597],[166.93948,-15.58564],[166.93917,-15.58516],[166.93904,-15.58471],[166.93923,-15.58385],[166.93992,-15.58217],[166.93992,-15.58211],[166.93939,-15.58096],[166.93897,-15.58016],[166.93886,-15.5797],[166.93783,-15.57719],[166.93744,-15.57697],[166.93678,-15.57662],[166.93657,-15.57656],[166.93639,-15.57651],[166.93586,-15.57635],[166.93498,-15.57606],[166.9346,-15.57586],[166.93452,-15.57577],[166.93418,-15.57542],[166.93393,-15.57516],[166.93367,-15.57489],[166.93357,-15.57478],[166.93334,-15.57455],[166.93303,-15.57426],[166.93259,-15.57391],[166.93216,-15.57356],[166.93078,-15.57173],[166.93051,-15.57128],[166.93029,-15.571],[166.92967,-15.56906],[166.92967,-15.56896],[166.92963,-15.56877],[166.92854,-15.5681],[166.92657,-15.56706],[166.92556,-15.56583],[166.92467,-15.56367],[166.92405,-15.56223],[166.92373,-15.56149],[166.92265,-15.5601],[166.92262,-15.56007],[166.92066,-15.55733],[166.92012,-15.55665],[166.91667,-15.54992],[166.91882,-15.54785],[166.91761,-15.54576],[166.91614,-15.54426],[166.91265,-15.54156],[166.91078,-15.54003],[166.91384,-15.53708],[166.91792,-15.52944],[166.91718,-15.5267],[166.91868,-15.52474],[166.92167,-15.51985],[166.92002,-15.51908],[166.91857,-15.51938],[166.91693,-15.51657],[166.9168,-15.51608],[166.91624,-15.51449],[166.91562,-15.51396],[166.91447,-15.51232],[166.91434,-15.51223],[166.91058,-15.51272],[166.91046,-15.51225],[166.91048,-15.51066],[166.90892,-15.50994],[166.90847,-15.50968],[166.90823,-15.50943],[166.90793,-15.5085],[166.90594,-15.50654],[166.9059,-15.50651],[166.90479,-15.50528],[166.90438,-15.50415],[166.90631,-15.50317],[166.90633,-15.50316],[166.90657,-15.50273],[166.9066,-15.50266],[166.90605,-15.50204],[166.90354,-15.49941],[166.90376,-15.49782],[166.90382,-15.49701],[166.90504,-15.49523],[166.90766,-15.49495],[166.90771,-15.49481],[166.90866,-15.49036],[166.90912,-15.48911],[166.91125,-15.48713],[166.90998,-15.48493],[166.90824,-15.4842],[166.90658,-15.4839],[166.90531,-15.48398],[166.90473,-15.4836],[166.90534,-15.48179],[166.90534,-15.48177],[166.90442,-15.48153],[166.90345,-15.48226],[166.90327,-15.48235],[166.90264,-15.48221],[166.9023,-15.48151],[166.90225,-15.48144],[166.90145,-15.48099],[166.90007,-15.48107],[166.90718,-15.477],[166.90699,-15.47456],[166.90834,-15.47238],[166.90888,-15.47205],[166.91215,-15.46809],[166.91501,-15.46492],[166.91553,-15.46304],[166.91915,-15.46403],[166.91994,-15.46396],[166.92296,-15.46324],[166.92489,-15.46176],[166.92489,-15.46174],[166.92466,-15.46135],[166.92378,-15.46003],[166.92364,-15.45864],[166.92458,-15.45637],[166.92747,-15.45623],[166.92777,-15.45618],[166.93078,-15.4548],[166.93315,-15.45415],[166.93535,-15.45424],[166.93869,-15.45363],[166.93899,-15.45194],[166.94038,-15.4518],[166.94056,-15.45173],[166.94196,-15.44804],[166.93633,-15.4407],[166.93626,-15.4405],[166.93728,-15.43584],[166.93829,-15.43446],[166.93853,-15.43414],[166.93718,-15.43223],[166.93497,-15.43102],[166.93416,-15.42802],[166.93303,-15.42394],[166.92966,-15.4212],[166.92849,-15.42027],[166.92804,-15.42007],[166.92581,-15.41924],[166.92443,-15.42028],[166.92014,-15.41898],[166.92012,-15.41898],[166.91874,-15.41861],[166.91799,-15.41929],[166.91861,-15.42296],[166.91734,-15.42531],[166.91493,-15.42772],[166.9147,-15.42971],[166.91109,-15.43584],[166.90671,-15.43531],[166.90611,-15.43561],[166.90381,-15.43558],[166.90127,-15.43503],[166.89829,-15.43577],[166.89828,-15.43576],[166.89725,-15.43457],[166.89626,-15.4341],[166.89513,-15.43415],[166.89499,-15.43427],[166.89386,-15.43606],[166.89321,-15.43572],[166.89227,-15.43594],[166.88775,-15.43819],[166.8871,-15.43902],[166.8859,-15.44022],[166.88503,-15.44131],[166.8846,-15.4414],[166.881,-15.44291],[166.88095,-15.44293],[166.87691,-15.44357],[166.87681,-15.44363],[166.87594,-15.44501],[166.87479,-15.44502],[166.87399,-15.44515],[166.87146,-15.44578],[166.87038,-15.44596],[166.86809,-15.44634],[166.86516,-15.44775],[166.86476,-15.44786],[166.85913,-15.44781],[166.85788,-15.44844],[166.85779,-15.44862],[166.85747,-15.44878],[166.85737,-15.44877],[166.85343,-15.44693],[166.85238,-15.44592],[166.852,-15.44578],[166.85096,-15.44567],[166.85082,-15.44569],[166.85012,-15.44625],[166.84942,-15.44651],[166.84823,-15.44669],[166.84573,-15.44619],[166.84506,-15.44669],[166.84341,-15.44799],[166.84147,-15.44712],[166.8407,-15.44681],[166.83896,-15.4465],[166.83527,-15.4498],[166.83108,-15.45018],[166.83021,-15.45043],[166.82711,-15.45141],[166.82682,-15.45191],[166.82645,-15.45281],[166.82674,-15.45379],[166.82708,-15.45463],[166.82719,-15.45544],[166.82882,-15.45725],[166.83028,-15.45825],[166.83012,-15.46066],[166.83013,-15.46077],[166.83064,-15.46226],[166.83063,-15.46228],[166.83269,-15.46527],[166.83309,-15.46603],[166.83362,-15.46618],[166.8344,-15.46641],[166.83382,-15.4685],[166.83375,-15.46909],[166.83376,-15.46912],[166.83322,-15.47063],[166.8326,-15.47188],[166.8326,-15.47192],[166.83273,-15.4729],[166.83201,-15.47258],[166.83147,-15.47174],[166.8315,-15.47165],[166.83192,-15.47104],[166.83163,-15.47046],[166.83081,-15.4699],[166.83041,-15.46872],[166.8301,-15.4689],[166.82904,-15.46874],[166.82656,-15.46809],[166.82682,-15.4663],[166.82692,-15.46554],[166.82608,-15.46496],[166.82488,-15.4643],[166.82411,-15.4643],[166.82192,-15.46441],[166.82134,-15.46452],[166.82036,-15.46514],[166.81648,-15.46461],[166.81015,-15.46605],[166.81002,-15.46618],[166.80839,-15.46713],[166.80667,-15.46686],[166.80624,-15.46694],[166.80606,-15.46702],[166.80552,-15.46853],[166.8045,-15.46828],[166.8009,-15.46547],[166.79449,-15.46562],[166.79433,-15.46527],[166.79312,-15.46321],[166.79086,-15.46143],[166.79071,-15.46137],[166.78595,-15.46223],[166.78606,-15.46415],[166.78612,-15.46469],[166.78625,-15.46686],[166.78578,-15.46827],[166.78555,-15.47061],[166.78613,-15.47145],[166.78618,-15.47151],[166.78732,-15.47272],[166.78743,-15.47284],[166.78707,-15.47338],[166.78699,-15.47351],[166.78697,-15.47355],[166.78776,-15.47536],[166.78427,-15.47981],[166.78345,-15.48173],[166.78343,-15.4819],[166.786,-15.48181],[166.78829,-15.48222],[166.7883,-15.48229],[166.78927,-15.48534],[166.78931,-15.48539],[166.78973,-15.48617],[166.78973,-15.48649],[166.78946,-15.48804],[166.78976,-15.48883],[166.79036,-15.49031],[166.79221,-15.49296],[166.79296,-15.49405],[166.79378,-15.49633],[166.79372,-15.49785],[166.79367,-15.49799],[166.79354,-15.49936],[166.79373,-15.50004],[166.79374,-15.50009],[166.79356,-15.50295],[166.79315,-15.50396],[166.7932,-15.50441],[166.79322,-15.50446],[166.7939,-15.50504],[166.79411,-15.50535],[166.79439,-15.50646],[166.79426,-15.50763],[166.79449,-15.50962],[166.79518,-15.51088],[166.79542,-15.51131],[166.7952,-15.51215],[166.79474,-15.51315],[166.79465,-15.51326],[166.79428,-15.51392],[166.79544,-15.51414],[166.7961,-15.51528],[166.7951,-15.51689],[166.7946,-15.51702],[166.79461,-15.51722],[166.79484,-15.51832],[166.79489,-15.51891],[166.79462,-15.51917],[166.79341,-15.51932],[166.79264,-15.52266],[166.79231,-15.52333],[166.792,-15.52372],[166.7913,-15.52439],[166.78945,-15.52633],[166.78968,-15.52748],[166.78968,-15.52779],[166.78962,-15.52797],[166.78813,-15.52928],[166.7877,-15.52988],[166.78688,-15.53123],[166.7875,-15.53231],[166.78758,-15.53237],[166.78991,-15.53308],[166.7919,-15.53659],[166.78975,-15.53755],[166.78933,-15.53851],[166.78758,-15.54059],[166.78733,-15.54145],[166.7869,-15.54194],[166.78652,-15.54208],[166.78555,-15.5429],[166.78425,-15.54464],[166.78411,-15.54635],[166.78351,-15.54967],[166.78271,-15.55202],[166.78271,-15.55277],[166.78221,-15.55326],[166.78303,-15.55474],[166.78273,-15.55511],[166.78226,-15.55568],[166.78089,-15.55649],[166.78052,-15.55667],[166.78031,-15.55682],[166.77963,-15.55761],[166.77461,-15.5593],[166.77429,-15.55948],[166.77339,-15.55904],[166.77321,-15.5591],[166.77259,-15.55938],[166.77072,-15.56081],[166.77061,-15.56095],[166.77052,-15.56108],[166.76979,-15.56187],[166.7685,-15.56375],[166.76801,-15.56427],[166.76765,-15.56469],[166.76644,-15.56724],[166.76591,-15.56804],[166.76521,-15.56863]]]},"properties":{"ADM1_EN":"SANMA","ADM2_EN":"South Santo 1"}},
{"type":"Feature","geometry":{"type":"Polygon","coordinates":[[[169.34208,-19.45791],[169.33884,-19.47047],[169.34158,-19.47894],[169.34722,-19.48651],[169.34697,-19.49267],[169.344,-19.49546],[169.34293,-19.49647],[169.35069,-19.50041],[169.35337,-19.50478],[169.35426,-19.50562],[169.3595,-19.50532],[169.36146,-19.5059],[169.36153,-19.50619],[169.36205,-19.50848],[169.36357,-19.50819],[169.36378,-19.50804],[169.36461,-19.50747],[169.36636,-19.5066],[169.36639,-19.50657],[169.36686,-19.50656],[169.36808,-19.5066],[169.36918,-19.50695],[169.37817,-19.50527],[169.38011,-19.50274],[169.38427,-19.50223],[169.38433,-19.50222],[169.38552,-19.50229],[169.38589,-19.50239],[169.38998,-19.50201],[169.39024,-19.50193],[169.39094,-19.50216],[169.39108,-19.50228],[169.39116,-19.50228],[169.39238,-19.50217],[169.3936,-19.50205],[169.39395,-19.50207],[169.39576,-19.50175],[169.39649,-19.50115],[169.39762,-19.50133],[169.39828,-19.50175],[169.39843,-19.50185],[169.39898,-19.50223],[169.399,-19.50224],[169.40138,-19.50372],[169.40147,-19.50394],[169.40242,-19.50594],[169.40242,-19.506],[169.40255,-19.50767],[169.40325,-19.50915],[169.40326,-19.50916],[169.40484,-19.50968],[169.4055,-19.50955],[169.40695,-19.5108],[169.4071,-19.5119],[169.41249,-19.51423],[169.41424,-19.51686],[169.41433,-19.51713],[169.41513,-19.51871],[169.41649,-19.52106],[169.41666,-19.52157],[169.41751,-19.52291],[169.41832,-19.52399],[169.41869,-19.52485],[169.42108,-19.52548],[169.42174,-19.52524],[169.4226,-19.52458],[169.42288,-19.52436],[169.42344,-19.52408],[169.42474,-19.5239],[169.4276,-19.52367],[169.42815,-19.52373],[169.42871,-19.5238],[169.42896,-19.52399],[169.42944,-19.52457],[169.43084,-19.52517],[169.43143,-19.52448],[169.43142,-19.52383],[169.43277,-19.5225],[169.43434,-19.52029],[169.43481,-19.51991],[169.43579,-19.5194],[169.43736,-19.5205],[169.43838,-19.52111],[169.43893,-19.52051],[169.43896,-19.51915],[169.4402,-19.51853],[169.4405,-19.51841],[169.44129,-19.51839],[169.44157,-19.51803],[169.44202,-19.51799],[169.44206,-19.51799],[169.44211,-19.518],[169.44299,-19.51791],[169.44451,-19.51735],[169.44573,-19.51632],[169.44682,-19.51554],[169.44858,-19.51572],[169.45159,-19.51519],[169.4528,-19.51549],[169.45346,-19.51458],[169.45467,-19.51335],[169.45645,-19.51179],[169.4585,-19.51043],[169.45869,-19.51026],[169.46126,-19.50694],[169.46046,-19.50453],[169.45718,-19.50255],[169.45459,-19.49746],[169.45,-19.49283],[169.44738,-19.4928],[169.44652,-19.49036],[169.4396,-19.48752],[169.43592,-19.48803],[169.4346,-19.48587],[169.43256,-19.48565],[169.43351,-19.48164],[169.43037,-19.47606],[169.41213,-19.47693],[169.40161,-19.47151],[169.39929,-19.4756],[169.3961,-19.47609],[169.39156,-19.47422],[169.38834,-19.47514],[169.38495,-19.47222],[169.37877,-19.47113],[169.37593,-19.46764],[169.37159,-19.46596],[169.3638,-19.4552],[169.36115,-19.44834],[169.36097,-19.44847],[169.36084,-19.4487],[169.36081,-19.44877],[169.3602,-19.44899],[169.36006,-19.44889],[169.35994,-19.44902],[169.35954,-19.4494],[169.35932,-19.4496],[169.35908,-19.44961],[169.35763,-19.44994],[169.35491,-19.45195],[169.35378,-19.4527],[169.3535,-19.45287],[169.35329,-19.45283],[169.35228,-19.45263],[169.35215,-19.45286],[169.3503,-19.45432],[169.34664,-19.4573],[169.34208,-19.45791]]]},"properties":{"ADM1_EN":"TAFEA","ADM2_EN":"East Tanna"}},
{"type":"Feature","geometry":{"type":"MultiPolygon","coordinates":[[[[168.43144,-17.12867],[168.42885,-17.1299],[168.43331,-17.13889],[168.44021,-17.14254],[168.44443,-17.14155],[168.447,-17.13869],[168.44241,-17.13182],[168.43144,-17.12867]]],[[[168.42481,-17.2426],[168.42185,-17.24333],[168.41947,-17.24852],[168.42096,-17.25488],[168.42432,-17.25832],[168.43319,-17.25975],[168.43416,-17.26448],[168.43688,-17.26439],[168.43606,-17.26002],[168.43221,-17.25844],[168.43013,-17.25561],[168.42781,-17.24575],[168.42481,-17.2426]]]]},"properties":{"ADM1_EN":"SHEFA","ADM2_EN":"Makira/Mataso"}},
{"type":"Feature","geometry":{"type":"MultiPolygon","coordinates":[[[[168.17486,-16.57281],[168.17162,-16.57121],[168.15273,-16.57266],[168.15619,-16.57716],[168.15982,-16.58738],[168.16373,-16.58878],[168.16697,-16.59341],[168.16704,-16.59715],[168.15978,-16.60087],[168.15875,-16.61061],[168.16046,-16.61456],[168.15615,-16.61681],[168.15585,-16.61959],[168.15188,-16.62048],[168.15024,-16.62578],[168.14682,-16.63018],[168.14341,-16.63143],[168.13401,-16.63919],[168.13456,-16.64466],[168.13111,-16.65037],[168.13335,-16.65308],[168.13232,-16.65571],[168.13716,-16.65571],[168.13922,-16.65667],[168.14954,-16.66071],[168.14969,-16.66076],[168.15428,-16.66161],[168.15789,-16.66025],[168.1598,-16.65999],[168.1635,-16.65873],[168.16655,-16.65879],[168.17318,-16.65872],[168.17622,-16.66031],[168.17989,-16.66224],[168.18072,-16.66596],[168.18233,-16.66681],[168.18741,-16.66704],[168.1923,-16.66544],[168.19817,-16.66346],[168.20016,-16.66211],[168.20083,-16.65742],[168.20099,-16.65691],[168.2004,-16.63274],[168.20039,-16.63206],[168.19981,-16.62789],[168.2004,-16.62686],[168.20137,-16.62173],[168.20161,-16.61654],[168.19986,-16.61153],[168.1919,-16.59816],[168.18373,-16.58816],[168.17486,-16.57281]]],[[[168.13297,-16.58872],[168.1376,-16.58744],[168.13943,-16.58369],[168.13321,-16.58019],[168.12917,-16.58173],[168.12808,-16.58471],[168.12937,-16.59192],[168.13297,-16.58872]]]]},"properties":{"ADM1_EN":"SHEFA","ADM2_EN":"Vermali"}},
{"type":"Feature","geometry":{"type":"MultiPolygon","coordinates":[[[[167.79872,-14.31563],[167.79364,-14.32066],[167.79368,-14.32282],[167.79859,-14.323],[167.80037,-14.32042],[167.79872,-14.31563]]],[[[168.03872,-14.48022],[168.05106,-14.47953],[168.05929,-14.47252],[168.06246,-14.46317],[168.06156,-14.45976],[168.06629,-14.45618],[168.06532,-14.45255],[168.068,-14.44661],[168.06626,-14.4444],[168.05965,-14.44557],[168.04875,-14.44098],[168.04558,-14.44179],[168.03739,-14.43915],[168.02884,-14.44247],[168.02551,-14.44581],[168.02065,-14.45317],[168.02102,-14.45619],[168.01927,-14.45836],[168.02176,-14.45937],[168.02349,-14.47246],[168.03201,-14.47943],[168.03584,-14.48109],[168.03872,-14.48022]]]]},"properties":{"ADM1_EN":"TORBA","ADM2_EN":"Merelava/Merig"}},
{"type":"Feature","geometry":{"type":"MultiPolygon","coordinates":[[[[167.14893,-15.35074],[167.12934,-15.37367],[167.12644,-15.38945],[167.12358,-15.4043],[167.11996,-15.40417],[167.11997,-15.41214],[167.12226,-15.41231],[167.13233,-15.41333],[167.13577,-15.41369],[167.1377,-15.41307],[167.13844,-15.41462],[167.13947,-15.41684],[167.14078,-15.41911],[167.14173,-15.4216],[167.14174,-15.42171],[167.14126,-15.42257],[167.14204,-15.42548],[167.13914,-15.42344],[167.13852,-15.4233],[167.135,-15.42552],[167.12609,-15.42788],[167.12325,-15.42915],[167.12056,-15.43003],[167.11953,-15.43081],[167.11726,-15.4313],[167.11691,-15.43178],[167.11648,-15.43268],[167.1167,-15.43396],[167.1167,-15.43456],[167.11683,-15.43598],[167.11841,-15.43622],[167.11925,-15.43693],[167.11944,-15.43728],[167.11965,-15.43766],[167.12681,-15.44041],[167.13094,-15.43892],[167.13137,-15.43892],[167.13416,-15.43687],[167.13455,-15.43793],[167.1349,-15.43953],[167.13762,-15.4403],[167.13922,-15.44007],[167.14239,-15.43993],[167.14338,-15.44046],[167.14348,-15.44198],[167.14349,-15.44249],[167.14355,-15.44271],[167.14416,-15.44365],[167.14492,-15.44484],[167.14373,-15.44529],[167.14346,-15.44623],[167.14338,-15.44642],[167.14299,-15.44819],[167.144,-15.45032],[167.14483,-15.45254],[167.14637,-15.45218],[167.14829,-15.45307],[167.15018,-15.45307],[167.1494,-15.45432],[167.14879,-15.45488],[167.14779,-15.45577],[167.14748,-15.45636],[167.14727,-15.45677],[167.14644,-15.45763],[167.14506,-15.45844],[167.14517,-15.46049],[167.14498,-15.46187],[167.14419,-15.46429],[167.14439,-15.46637],[167.1446,-15.46657],[167.14476,-15.46665],[167.14735,-15.46823],[167.14776,-15.4707],[167.14748,-15.47344],[167.14919,-15.4754],[167.14955,-15.47536],[167.1501,-15.47298],[167.15342,-15.47341],[167.15449,-15.4763],[167.15554,-15.47833],[167.15648,-15.48233],[167.15783,-15.48732],[167.15717,-15.49769],[167.16268,-15.50522],[167.16518,-15.50377],[167.16452,-15.49741],[167.16931,-15.49814],[167.17066,-15.49225],[167.17283,-15.49441],[167.17447,-15.50766],[167.17768,-15.50971],[167.17795,-15.5082],[167.18766,-15.50845],[167.1872,-15.4982],[167.19195,-15.49825],[167.1925,-15.49452],[167.19428,-15.49467],[167.19227,-15.50426],[167.19336,-15.50739],[167.20238,-15.5078],[167.20553,-15.51134],[167.21991,-15.51318],[167.22031,-15.51153],[167.21656,-15.509],[167.21223,-15.50054],[167.2077,-15.49687],[167.20823,-15.49365],[167.22989,-15.51077],[167.2293,-15.51394],[167.22149,-15.51172],[167.22024,-15.51824],[167.24507,-15.52509],[167.25629,-15.52231],[167.25905,-15.52022],[167.25669,-15.47556],[167.25537,-15.4741],[167.25412,-15.47467],[167.25301,-15.47992],[167.25373,-15.48226],[167.25544,-15.48239],[167.25307,-15.48473],[167.2517,-15.49612],[167.25038,-15.49802],[167.24658,-15.4989],[167.23863,-15.49093],[167.23062,-15.47929],[167.23069,-15.47322],[167.23515,-15.46487],[167.23496,-15.46126],[167.23272,-15.45911],[167.228,-15.45778],[167.22518,-15.45816],[167.22097,-15.46214],[167.21651,-15.46018],[167.21809,-15.45487],[167.2169,-15.45329],[167.21881,-15.45196],[167.21776,-15.45006],[167.21894,-15.44803],[167.2171,-15.44525],[167.21447,-15.44424],[167.21447,-15.44069],[167.21178,-15.43797],[167.21113,-15.43405],[167.2085,-15.43316],[167.2089,-15.43076],[167.20614,-15.42753],[167.2045,-15.40602],[167.20043,-15.39728],[167.1936,-15.39203],[167.19491,-15.38621],[167.19281,-15.38684],[167.18992,-15.39076],[167.18809,-15.39064],[167.18756,-15.38912],[167.19032,-15.38823],[167.18809,-15.38102],[167.19032,-15.37595],[167.18585,-15.37076],[167.1873,-15.37038],[167.18848,-15.36253],[167.18992,-15.36101],[167.18822,-15.35772],[167.19268,-15.35696],[167.19163,-15.35393],[167.18546,-15.35076],[167.18034,-15.33899],[167.1789,-15.32822],[167.18743,-15.32455],[167.18743,-15.32202],[167.18375,-15.32101],[167.18302,-15.32023],[167.17976,-15.31819],[167.17558,-15.32024],[167.17079,-15.32002],[167.16568,-15.3229],[167.16447,-15.32365],[167.1642,-15.32529],[167.16481,-15.32914],[167.16571,-15.33064],[167.17387,-15.33248],[167.1767,-15.33395],[167.17644,-15.33558],[167.17519,-15.33791],[167.14893,-15.35074]]],[[[167.26055,-15.57295],[167.25564,-15.58026],[167.25967,-15.58649],[167.26667,-15.59262],[167.27236,-15.59194],[167.27922,-15.58849],[167.28912,-15.58038],[167.29553,-15.57213],[167.29749,-15.56493],[167.2935,-15.54756],[167.28873,-15.54036],[167.28509,-15.53966],[167.28284,-15.54126],[167.2786,-15.55838],[167.27433,-15.56532],[167.26055,-15.57295]]],[[[167.22376,-15.37258],[167.21768,-15.37411],[167.21733,-15.37877],[167.22079,-15.38349],[167.22064,-15.38707],[167.22535,-15.39395],[167.23074,-15.3954],[167.23545,-15.39431],[167.24181,-15.38767],[167.23944,-15.37925],[167.23345,-15.37453],[167.22376,-15.37258]]],[[[167.19535,-15.5302],[167.18379,-15.5348],[167.17313,-15.5432],[167.1685,-15.54394],[167.1613,-15.54974],[167.15867,-15.55267],[167.1566,-15.5604],[167.13099,-15.5846],[167.12712,-15.59026],[167.12442,-15.59906],[167.12892,-15.60239],[167.13189,-15.60246],[167.13355,-15.60472],[167.14642,-15.60652],[167.15272,-15.60959],[167.17044,-15.60926],[167.17507,-15.60759],[167.18587,-15.60799],[167.19659,-15.61206],[167.21472,-15.60732],[167.22088,-15.60379],[167.22766,-15.59166],[167.22904,-15.5776],[167.22102,-15.57367],[167.20365,-15.576],[167.20157,-15.57387],[167.19929,-15.57393],[167.19825,-15.57113],[167.19915,-15.56913],[167.2078,-15.56453],[167.20559,-15.55507],[167.2015,-15.55167],[167.1914,-15.5476],[167.18953,-15.54534],[167.1905,-15.54174],[167.19673,-15.539],[167.21299,-15.53967],[167.21749,-15.53727],[167.21707,-15.53607],[167.21361,-15.53274],[167.20047,-15.52967],[167.19535,-15.5302]]],[[[167.24886,-15.58652],[167.24663,-15.58581],[167.24278,-15.58847],[167.24196,-15.59199],[167.2436,-15.59496],[167.24575,-15.59526],[167.24892,-15.59283],[167.24886,-15.58652]]]]},"properties":{"ADM1_EN":"SANMA","ADM2_EN":"South East Santo"}}
]}